id,name,level,diff,tags
10125,WaH!,IN Lv.15,15.500002,多押+32分+位移+定轨
10203,Aurora,AT  Lv.16,16.300007,多押+32分+变速+耐力+叠键+位移
10228,歌いましょう鳴らしましょう,IN Lv.16,16.000004,多押+32分+变速+高BPM+位移
10231,Misty Memory(Night Version),IN Lv.13,13.100001,高BPM
10341,See The Light,Fm Lv. 15,15.300001,楼梯+32分+叠键+定轨
10418,APOCALYPTICA(feat.符白牙),IN Lv.13,13.299996,-
10585,驟雨の狭間,IN  Lv.15,15.6,楼梯+爆发
10608,Light Me Up,IN Lv.14,14.600002,32分
1067,強風オールバック,IN Lv.13,13.0,楼梯+32分+纵连
10730,Glitch Street,IN  Lv.14,15.200005,底力+爆发
10760,Midnight Flux,IN Lv.13,13.8,爆发
1086,Frey's philosophy,AT Lv.16,16.095833,读谱
11032,粛聖!! ロリ神レクイエム☆,IN Lv.14,14.700003,楼梯+32分
11068,Doppelgängers,SP Lv.Yiep Verse,15.3,楼梯
11115,Λzure Vixen,AT Lv.16,16.400002,底力+多押+楼梯+变速+耐力+定轨
1124,WORLDINVADER,IN  LV.15,15.561111,爆发
11323,BLACK or WHITE?,IN Lv.15,15.0,底力+位移
11404,Kaleidoscope,IN Lv.13,13.400002,-
11461,はじまりのセツナ,IN Lv.14,14.200005,-
11489,Lazuladia,FM Lv.14,14.600002,多押+32分
11493,Caliburne～Story of the Legendary sword～,FM Lv.15,15.400002,底力+多押+32分+耐力+位移
11588,βlαnoir,AT Lv.16,16.4,底力+多押+楼梯+耐力+位移+定轨
11613,5ANK41！,YW Lv.13,13.0,-
11627,Crush Alcohol,MY Lv.15,15.300001,多押+32分+耐力+位移
11628,Crush Keyboard,MY Lv.15,15.900003,多押+变速+耐力+高BPM+位移
11728,"""411Ψ892""",IN Lv.15,15.900003,多押+楼梯+位移
11798,人マニア,IN Lv.15,15.300001,楼梯+纵连
11810,人マニア,AT  Lv.16,16.000004,底力+楼梯+32分+变速
11850,Fine Logic,IN  Lv.14,14.600002,楼梯
11864,Leave It Alone,IN Lv.14,14.200001,-
11877,Antler,IN Lv.14,14.700003,楼梯+爆发
11968,Elevate,IN Lv.15,15.400002,楼梯
12007,神っぽいな,MI Lv.13,13.0,-
12181,第六感,IN  Lv.14,14.0,纵连
12263,Swing Edge,IN Lv.15,15.400001,-
12432,Anniv.,IN Lv.13,13.700003,-
12488,deadeye,IN Lv.15,15.400002,楼梯+爆发
12750,ヰヱロウ,IN Lv.15,15.200001,爆发
12783,灾蚀的痕影 Silhouette of Catastrophe,IN Lv.15,15.400002,楼梯+变速+叠键+位移
1281,Ocean Blue,IN Lv.11,11.100009,-
1283,天津甕星,AT Lv.15,15.500002,楼梯
1292,海神寓拝,IN Lv.14,14.0,32分
12931,Everlasting Liberty,AT Lv.15+,15.900003,多押+32分+变速+高BPM+叠键+位移+定轨
12936,Unchosen,IN Lv.14,14.500002,爆发+纵连
1294,disperagioia, IN Lv.16+,16.699999,底力+多押+爆发+耐力+位移
130,Inverted World,IN Lv.15,15.0,爆发+位移
13415,reboot*the Starlight,IN  Lv.14,14.0,-
13474,恋ひ恋ふ縁,IN Lv.14,14.2,32分
1354,Hello (BPM) 2022,HD Lv.16,16.0,底力+多押+楼梯+32分+变速+耐力+纵连+叠键
13568,脳漿炸裂ガール,IN Lv.15+,15.900001,爆发+变速+位移
13796,はぐ,IN Lv.14,14.400002,-
13888,Birth Of The Sun,IN Lv.12,12.800011,楼梯
13940,POWER OF UNITY,IN  Lv.16,16.0,楼梯+32分+变速
14024,青龙•木,IN  Lv.14,14.300001,-
14048,Birds of Plague,IN Lv.15,15.500002,底力+位移
14222,花と、雪と、ドラムンベース,SP Lv.?,16.1,32分+叠键
14382,Caldwell 99,IN Lv.14,14.3,-
14447,踊,IN Lv.15,15.100004,耐力
14460,Jack-the-Ripper◆,IN Lv.14,14.5,-
14521,crazy cinema story,AT Lv.15,15.900003,底力
14539,燃えてもエンジョイ！宛城、炎上！！,IN Lv.15,15.3,楼梯+爆发
14578,洞穴,IN Lv.14,14.6,楼梯
1464,SILENT TEARS (feat.Yukacco),FM Lv.16,16.0,32分
1469,"Symphonic Rhapsody op.1 ""Aster""",IN Lv.14,14.0,32分
14705,ロータスイーター（feat.歌愛ユキ）,AT Lv.14,14.500002,32分
14728,MAXRAGE,EX Lv.15,15.733334,多押+变速+高BPM+位移
14945,α CMa,IN Lv.14,14.1,楼梯
15060,Aじゃないか,IN Lv.15,15.500002,32分
15074,Bl∞dmoon,IN Lv.15,15.800003,楼梯+定轨
1510,Androgynos,IN  Lv.14,14.700003,多押+楼梯
15129,To：Be Continued,AT Lv.16,16.6,底力+32分+变速+耐力+高BPM+位移+定轨
1513,Androgynos,MY  Lv.14,14.800003,楼梯+32分
1514,R.I.P.【絶望の戦闘】,IN  Lv.15,15.800003,-
15173,白花の天使,IN Lv.15,15.400002,爆发
15196,Swift,IN  Lv.14,14.800001,纵连
15224,Endure,IN Lv.15,15.7,楼梯
15350,Giselle,IN Lv.15,15.400001,楼梯
15446,AKKERA-COUNTRY-BOY,IN Lv.14,14.3,-
15451,Galaxy Friends,IN Lv.16+,16.700003,底力+多押+楼梯+变速+高BPM+位移+定轨
15459,时落之雨,IN Lv.?,12.2,-
15516,fragments.arc,IN  Lv.16,16.100004,底力+楼梯
15602,Earthquake,IN Lv.15,15.500002,楼梯+纵连
1566,Absolute Future,FM Lv.15,15.0,-
15769,Beyond the Rainbow,IN Lv.15,15.400002,高BPM
15790,アスノヨゾラ哨戒班,IN Lv.14,14.200001,-
15795,Fading Sky,FM Lv.14,14.600002,楼梯
15875,FREEDOM DiVE (tpz Overcute Remix),Master Lv.16+,16.599998,32分+变速+耐力+高BPM+位移+定轨
15924,Alice in Misanthrope -厭世アリス-,IN Lv.15,15.300001,多押+32分
1597,End Time,IN  Lv.15,15.400001,底力+爆发+位移+定轨
16048,I Am No One,AT Lv.16,16.2,多押+楼梯+32分+变速+叠键+位移
1616,花たちに希望を,IN Lv.14,14.0,32分+耐力
16163,Late Night Coastline,IN Lv.14,14.900003,32分
16272,Disruptor Array,AT Lv.16,16.300001,底力+多押+楼梯+变速+耐力+高BPM+位移
16322,Accelerate,IN Lv.14,14.800003,楼梯+32分+变速+位移
1636,Gee,SP Lv.14,14.0,多押+32分+变速
1637,Altros,FM Lv.14,14.0,位移
1638,下水鳴動して鼠一匹,FM Lv.14,14.0,多押+32分
1639,PANDORA PARADOXXX,AT Lv.16,16.295834,底力+位移
16571,WHITEOUT,IN Lv.15,15.400002,楼梯+爆发
16573,GIMMICK,IN Lv.14,14.1,-
16578,Secret of my heart,IN Lv.14,14.300001,-
16593,DEUX EX MĀXHINĀ,AT Lv.18,18.000008,底力+多押+32分+变速+耐力+高BPM+叠键+位移
16596,Gypsophila,IN Lv.15,15.200001,-
16620,Birds of Plague,IN  Lv.15,15.300001,底力
16624,Fiction Blue,SP Lv. ?,13.500002,-
16659,anybody can find love(except you.),IN Lv.15,15.0,底力+楼梯+爆发+读谱
16661,雲雀,IN Lv.14,14.6,32分
16662,The Stars Are Tumbling Out Of The Sky,IN Lv.15,15.500002,-
16673,Skyscape,IN Lv.13,13.500002,-
16685,Firmament Star,IN  Lv.15,15.400002,底力+爆发+位移
16687,felys -final remix-,IN  Lv.14,14.200002,爆发
16688,Butterfly Twist,IN  Lv.14,14.400002,-
1669,Dream of Memories,FM Lv.13,13.0,32分+定轨
16692,Angel's Salad,IN  Lv.15,15.900003,变速+耐力+位移+定轨
167,Wildfire,IN Lv.15,15.633334,多押+32分+变速+耐力+叠键+位移+定轨
1672,PhonDrome!,FM Lv.15,15.0,楼梯+纵连
1673,The Last Page,FM Lv.14,14.0,-
16737,Into The Sky,IN Lv.14,14.499999,楼梯
16764,壱雫空,IN Lv.14,14.200001,32分
16765,VEZZELiX,IN Lv.15,15.800003,多押+32分+变速+位移
1694,Oceanus,IN Lv.16,16.2,爆发
16948,Paradise Ⅱ,IN  Lv.14,14.400001,-
1700,Daydream,IN Lv.14,14.0,多押+32分
1701,Turn Back Time,IN Lv.13,13.0,-
17049,The Next Arcady,IN Lv.15,15.100004,-
1724,くうになる (放空),[    ].14,14.0,多押+32分+耐力
1728,"Good bye, Merry-Go-Round.",IN Lv.15,15.044445,楼梯
17312,CH4NGE -【Giga (Self Cover)】,AT Lv.15,15.500002,32分
17314,Fortuna for tuna,IN,14.89999,楼梯
17598,I Got Silence,IN Lv.15,15.700003,多押+32分+耐力+位移
17730,GGF,IN  Lv.?,14.499999,-
17799,HELP!!,IN Lv.13,13.500002,-
1782,てんてん (New Vocal Version),IN Lv.15,15.500002,变速+高BPM
17841,G4L,IN Lv.15,15.000004,-
17856,The Formula,SP  Lv.？,15.700001,-
17987,ヨイハナビ,IN Lv.13,13.500002,多押+32分+变速
18097,ウサテイ20XX,IN  Lv.14,14.5999975,多押+楼梯+32分
1816,Bloody Marquis,IN Lv.15,15.566667,底力+多押+32分+变速+耐力+高BPM+位移+定轨
18202,After Rain,IN Lv.13,13.500002,纵连
18203,Replay,IN Lv.13,13.500002,-
18287,だから僕は音楽を辞めた,IN Lv.15,15.400002,-
1855,One Way Street,IN Lv.14,14.0,纵连
1856,回レ！雪月花,IN Lv.13,13.0,爆发
18633,守りたいもの,IN  Lv.13,13.1,楼梯
18714,Valsqotch,IN Lv.16,16.199999,楼梯+变速+耐力+高BPM
1882,Deity Silence,IN  Lv.16,16.1,32分+位移
1896,"Don't say ""lazy""",IN Lv.13,13.0,多押+32分+位移
19181,Picasso,AT Lv.?,16.700005,底力+楼梯+32分+变速+叠键+位移
19365,雑踏、僕らの街 (TV Size),IN  Lv.14,14.800003,爆发
19436,astral.exe,IN Lv.14,14.500002,-
19485,BBBang (feat. 星尘),IN  Lv.15,15.400002,读谱
19680,What You Want,FM Lv.15,15.900003,楼梯+读谱
19912,ふわり,IN.cloud,14.1,-
20017,Caramelldansen,FM Lv.14,14.200001,32分
2012,Sakura Fubuki,IN Lv.14,14.655556,楼梯
20180,メズマライザー,IN Lv.15,15.1,-
20283,フリーフォール,IN Lv.14,14.500012,楼梯+定轨
20326,Forever Young,AT  Lv.15,15.600002,32分+变速
20532,You & I (VIP Mix),IN,14.6,-
20534,Starry World,IN Lv.15,15.1,爆发
20577,Grown-up's Paradise (PV Ver.),IN  Lv.12,12.800003,楼梯
20601,Triad of Dryad,IN,14.400002,楼梯
2063,Dement ～After legend～,IN Lv.15,15.0,位移
20996,Suomi,IN Lv.14,14.200001,-
2101,大喜宙,IN Lv.14,14.0,32分
21041,cyanine,IN  Lv.15,15.500002,高BPM
21135,ARIGA THESIS,IN  Lv.14,14.600002,-
21201,ナイト・オブ・ナイツ,IN Lv.15,15.7,多押+变速+耐力+位移
2126,怪物,IN,14.2,多押+楼梯+32分
213,Options,IN Lv.13,13.0,-
2132,Break your desire,IN  Lv.15,15.0,多押+32分+位移
21331,BEWM,SP,15.9,楼梯+纵连
2175,Dragonlady,IN Lv.15,15.0,-
2195,《理想》～ Cloudland,IN Lv.12,12.0,-
2205,Sakura Reflection (regular),IN Lv.14,14.0,-
22072,恋せよ乙女!,IN Lv.14,14.700001,32分+变速+高BPM
2253,ヒアソビ,IN  Lv.15,15.0,爆发+纵连
22681,Pandemic,IN Lv.15,15.300005,变速
22766,シカ色デイズ (TV Size),IN  Lv.13,13.200001,-
23075,好,IN Lv.15,15.500002,楼梯+32分
232,Re：End of a Dream,IN,15.688889,多押+变速+高BPM+位移
23599,Mr. Scratch Man,ST  Lv.16,16.800003,多押+楼梯+32分+变速+耐力+叠键
23649,SUPER REACTOR,IN Lv.14,14.2,32分
23677,Crush Expert,ST Lv.15,15.400002,32分
23740,Ark in the Blood Sky,ST Lv.15,15.300001,底力+爆发+纵连
23762,ハッピーフェイクショー (feat. はぁち),ST Lv.16,16.300001,底力+爆发
23769,ニャンだふる♡サマー!!,IN Lv.15,15.8,多押+变速+高BPM+位移
23796,はいよろこんで,IN  Lv.15,15.800001,-
23879,かたち,Abyss Lv.14,14.500002,32分
23951,Conway's Child,ST Lv.15,15.800003,底力+爆发+耐力+位移
24079,Tablear,ST Lv.15,15.7,楼梯+位移
24089,Record Player,ST Lv.16,16.000002,楼梯
24101,RE Aoharu,IN Lv.15,15.0,32分+定轨
24253,Transparent ZERO,ST Lv.15,15.700003,32分+耐力+叠键
24254,Nemesis,ST Lv.16,16.300001,底力+多押+变速+高BPM+位移
24295,きゅびびびびずむ,IN  Lv.15,15.600002,楼梯+变速+耐力
24310,MARENOL,FM Lv.15,15.1,楼梯+纵连+叠键
24421,Screw 'N' Twisty,ST  Lv.17,17.000004,底力+32分+爆发+耐力+位移
24435,超☆超☆光☆速☆出☆前☆最☆速!!! スピード★スター★かなで,AT Lv.16,16.300001,底力+楼梯+32分+变速+位移
24762,白庭,ST Lv.16,16.2,楼梯+高BPM
24881,Makear,ST Lv.18,18.000004,底力+多押+32分+爆发+变速+耐力+高BPM+叠键+位移+定轨
24882,POLYBIUS GB SPEEDRUN -Glitchless 100% WR in 0:03:57-,ST  Lv.BadEnd,17.1,底力+多押+楼梯+爆发+变速+耐力+叠键+位移
24969,WACCA ULTRA DREAM MEGAMIX,ST  Lv.FINAL,17.700003,底力+多押+楼梯+32分+变速+耐力+叠键+位移
24973,Rocky Buinne,AT Lv.17,17.100002,底力+变速+高BPM+位移
25019,sic transit gloria mundi,AT  Lv.16,16.500002,底力+耐力+位移+定轨
25181,Empuxa,IN Lv.15,15.600002,-
25200,Butterfly Twist,IN Lv.14,14.500002,楼梯+爆发
2525,LIN NE KRO NE,AT,16.311111,多押+32分+变速+耐力+高BPM+叠键+位移
25317,はいよろこんで,IN Lv.14,14.900002,楼梯+定轨
25342,A Gleam For The Sightless,IN Lv.13,13.700003,楼梯+纵连
2553,me & u,IN Lv.14,14.0,-
2568,Antler,FM Lv.14,14.744445,爆发
25818,蛍はいなかった（初音未来.ver）,IN Lv.14,14.600002,32分
25869,!⸮ WAS IT A CAT I SAW ?!,INS  Lv.14,14.800003,楼梯+变速
25905,Surveillance(feat. RANASOL),IN Lv.14,14.600002,楼梯
26119,再生,CM Lv.14,14.9000025,32分+位移
2613,驟雨の狭間,AT Lv.16,16.0,底力+爆发+耐力
2617,打上花火,IN Lv.13,13.477778,-
26748,Overjoy ★ OVERDOSE!!,IN Lv.14,14.900001,-
26795,私は雨,IN  Lv.13,13.400002,-
26808,ぜったい！昇天★鎮魂歌♂,IN Lv.16,16.400002,底力+多押+变速+耐力+高BPM+位移
27015,Hullbreaker,IN  Lv.12,12.499998,-
2703,Sakura Fubuki,AT Lv.15,15.522222,楼梯
27148,Error Code (VIP Mix),FM Lv.16+,16.7,底力+楼梯+变速+纵连+叠键
27234,無機質世界に彩を,SP Lv.?,15.8,爆发
27238,Armageddon,「終」 Lv.16,16.300003,变速+耐力
27247,tarte de fruits,IN Lv.15,15.0,楼梯
27250,空白とカタルシス,IN Lv.15,15.500002,楼梯+耐力+位移
27253,The Ghost,IN Lv.14,14.600002,-
27282,Break Through Myself,EX  Lv.15,15.500002,楼梯+32分+变速+纵连+位移
27446,Growth Call,IN Lv.14,14.300001,楼梯
27552,Black Lotus,IN Lv.15,15.300001,底力+楼梯+爆发+变速+位移+定轨
27576,つよがるガール ,IN Lv.14,14.200001,-
27654,メディカドール,MI Lv.15,15.0,耐力
27688,ベースラインやってる？笑,IN Lv.14,14.700003,32分
28167,DX超性能フルメタル少女,SP Lv.纵连打,16.200003,32分+变速+纵连+叠键+定轨
28269,《偏愛》~Shattered Memories,IN Lv.14,14.200001,爆发
2843,Black Lotus,IN Lv.15,15.0,底力+爆发+位移
28431,I I I,IN  Lv.14,14.700003,楼梯+32分+纵连
28438,またおいで,IN  Lv.12,12.200001,32分
288,Shore in the Rain,IN Lv.15,15.477778,底力+楼梯+爆发
28828,Gloomy Flash,IN Lv.14,14.0,楼梯
29025,Up to 21℃,IN  Lv.?,14.5,楼梯
29071,πevergod,IN Lv.16,16.000004,楼梯+变速
29074,喃喃萤火,SP Lv.13,13.0,楼梯
291,Plumes ~Phase Hope~,AT  Lv.15,15.0,底力+多押+32分+耐力+位移
29180,ニニ,IN Lv.15,15.3,楼梯
29255,物凄いスペースシャトルでこいしが物凄いうた,AT Lv.15,15.900003,32分+变速+叠键
2935,海神寓拝,IN Lv.13,13.0,-
29558,MEGATON BLAST,IN Lv.15,15.200001,底力+楼梯+耐力+位移
29578,Birds of Plague,AT Lv.17,17.100004,底力+耐力+位移
29764,Xevel,IN Lv.15,15.600002,底力+楼梯+爆发+变速+耐力+叠键+位移
29782,甜甜饕餮糖糖,HD Candy Lv.13,13.0,-
300,骤雨の狭间,IN  Lv.15,15.422222,底力+楼梯+爆发+耐力+纵连
30039,僕なんかいなくても,IN  Lv.14,14.200001,-
30220,モニタリング,IN  Lv.14,14.600002,-
30296,Super Fructose,IN Lv.14,14.400004,-
30333,时间口口事件,WAW Lv.15,15.200003,楼梯+变速+位移
305,SILENT BLUE,IN Lv.15,15.500002,底力
30513,Energizing Flame,IN Lv.15,15.900003,多押+耐力+位移
30698,みむかｩわナイストライ,ぬ  Lv.70,15.300001,纵连
3075,Aulture,IN Lv.15,15.800003,爆发+纵连
30888,Polestar,Fm Lv.15,15.3,楼梯
309,Mermaid girl-秋葉工房 MIX-,IN Lv.15,15.0,多押+32分+变速
31906,Komplexe,IN Lv.14,14.799999,纵连
32006,神圣之光 (Arklight),AT Lv.16,16.400002,楼梯+变速+耐力+纵连+位移
32011,Reverberate,IN Lv.15,15.800003,位移
32080,夜風に吹かれて口笛を,IN Lv.13,13.900003,32分
32097,Megameteor,AT Lv.17,17.400005,底力+多押+楼梯+32分+变速+耐力+位移
32553,Pictured as Perfect,AT Lv.15,15.900003,定轨
32628,Intruder,IN Lv.14,14.600002,楼梯
32957,KiLLKiSS,IN Lv.15,15.700003,底力+多押+32分+变速+耐力+位移
32994,lost umbrella(yuigot Remix),lost,14.799998,-
33115,Super Fructose,IN Lv.14,14.500002,-
33370,B.B.K.K.B.K.K. (2023 Remake),AT Lv.15,15.600002,底力+楼梯
33628,AINEED,IN Lv.14,14.700003,变速
34153,off-grid,IN Lv.15,15.0,楼梯
34249,Psychometry,IN Lv.14,14.0,变速+位移
3433,患部で止まってすぐ溶ける ～ 狂気の優曇華院,IN  Lv.15,15.0,32分+位移
34408,[CRYSTAL_ACCESS],IN Lv.15,15.8,楼梯+定轨
34550,テレパシ feat. 初音ミク,IN Lv.15,15.1,32分
34579,Event Horizon,IN Lv.14,14.7,-
34580,mystique as iris,IN  Lv.15,15.8,32分+变速+位移
34582,Let you DIVE!,IN Lv.14,14.500002,楼梯
34584,Garakuta Doll Play,IN Lv.16+,16.800005,多押+32分+变速+耐力+高BPM+位移
34601,Light Of Love,IN Lv.15,15.300001,爆发
34607,スカーレット警察のゲットーパトロール24時,IN Lv.14,14.400002,底力
34645,The wheel to the right,AT Lv.16,16.7,多押+32分+变速+位移
34658,ミニ偏,AT Lv.15,15.1,-
34679,テウメッサ,AT Lv.16,16.400002,底力+爆发+耐力+位移
34772,ツムギボシ,IN Lv.15,15.1,楼梯+定轨
3497,Wonderscape,IN Lv.13,13.0,-
3503,88☆彡,IN Lv.14,14.0,-
35161,Nijirate Fanatics,IN Lv.15,15.0,纵连+定轨
35829,「特殊作戦『デカグラマトン』編」Theme 2,SP Lv.?,15.9,-
35974,テトリス,IN Lv.15,15.200001,多押+楼梯+32分+变速+耐力
36040,魔理沙は大変なものを盗んでいきました,SP Lv.避,16.500004,底力+楼梯+32分+变速+耐力+纵连+叠键+位移+定轨
36082,Up to 21°C,IN Lv.14,14.300001,-
36155,Escape a Cyber City,IN Lv.15,15.400002,楼梯
36238,Doping Dance,IN Lv.15,15.0,多押+楼梯+32分+变速+位移
3632,ナイト・オブ・ナイツ (Cranky Remix),IN Lv.16,16.200003,多押+楼梯+32分+变速
3636,MARENOL 1mg,AT Lv.15,15.300002,底力+楼梯+变速+纵连
36418,Elusive Enforcer,IN Lv.15,15.400002,多押+楼梯+32分+变速+位移
36719,Eternal Snow,IN Lv.14,14.800003,-
36733,D/N/A,IN  Lv.15,15.300001,32分
36810,Alice in a xxxxxxxx,IN Lv.14,14.700003,-
3684,ネヴァモア,IN Lv.13,13.599999,-
3690,Recollect,IN Lv.12,12.0,-
37001,Death By Glamour,EX Lv.15,15.300009,变速
37051,Inverse Form VIP,IN Lv.15,15.600002,纵连
37112,[A]ddiction,IN Lv.14,14.700003,多押+楼梯+32分+变速+耐力
37193,颜,IN  Lv.15,16.0,位移
37709,Nemexis,IN Lv.16,16.400002,底力+变速+耐力
38139,非実在系女子達はどうすりゃいいですか?,IN Lv.14,14.8,爆发+位移
38289,徳川カップヌードル禁止令,IN Lv.15,15.600002,楼梯
38655,See You Move,IN  Lv.15,15.600002,楼梯+32分+变速+位移
38854,Lemon,IN Lv.13,13.800003,-
3895,Light of  Love,AT Lv.15,15.511111,-
3912,qualia -ideaesthesia-,IN Lv.15,15.0,-
393,アイデン貞貞メルトダウン,ONIMAI Lv.14,14.0,多押+32分+变速
3938,Head BONK Ache,AT Lv.16,16.2,32分
3997,3rd Avenue,IN  Lv.13,13.0,32分
4061,Mechanical Rhapsody,IN Lv.13,13.0,32分
4083,Bl∞min',AT Lv.16,16.0,底力+爆发+耐力+高BPM+叠键+位移
40879,Island Breeze,IN Lv.13,13.800003,-
4103,即兴演出fReeStyLE,IN Lv.13,13.0,楼梯+爆发
41234,siren's eye,Tiebreaker Lv.17,17.600002,底力+变速+叠键+位移
41265,Elusive Enforcer,IN Lv.16,16.2,多押+楼梯+32分+变速+耐力+位移
4155,Sterelogue,IN Lv.14,14.0,-
4165,LubedeR,IN Lv.15,15.600002,高BPM+位移
41662,Brun-Brun,IN Lv.15,15.0,耐力
42010,ふたりのスタートボタン,IN Lv.13,13.400002,-
42017,全力ハッピーライフ,IN Lv.14,14.1,多押+32分
42248,ロータスイーター（feat.歌愛ユキ）,RM Lv.14,14.600002,-
42655,Cryptarithm,IN Lv.16,16.000004,-
428,GOODMEGALO,IN  Lv.15,15.400002,楼梯+纵连
42880,DRE4M1N9,IN Lv.14,14.2,-
4291,Absolute Terror,AT Lv.15,15.800003,多押+楼梯+32分+耐力+叠键
42988,with U,AT Lv.15,15.600002,多押+32分+变速+位移
43235,A Gleam for the Sightless,IN Lv.11,11.600002,-
43311,Cherry Pop (feat. 初音ミク),IN Lv.14,14.800002,楼梯
4334,Love U More,IN  Lv.15,15.200001,多押+楼梯+32分
43399,3rd Avenue,IN Lv.15,15.0,32分
43467,Friend's Back,IN Lv.15,15.0,底力+爆发
43517,Challenger,IN Lv.16,16.600002,耐力
43564,Lemegeton -little key of solomon-,IN Lv.16,16.600002,底力+多押+楼梯+爆发+变速+耐力+位移+定轨
43602,ΣmbryØ,IN  Lv.16,16.5,底力+楼梯+变速+耐力+高BPM+纵连+位移+定轨
43625,DANGEROOOOUS JUNGLE,IN Lv.16,16.2,32分+纵连+叠键+位移
43885,クウルッコ,AT Lv.16,16.900003,底力+爆发+耐力+纵连+位移
43988,Waking Shadows (feat. Eili),AT  Lv.18,18.500002,底力+多押+楼梯+32分+变速+耐力+位移
44207,εxceζ,AT Lv.17,17.0,底力+多押+32分+变速+耐力+位移
4421,Fine Logic,IN Lv.14,14.0,楼梯
44477,つよがるガール feat. もっさ (ネクライトーキー) (TV Size),IN  Lv.15,15.800003,32分+变速+高BPM
4493,Good Life,IN  Lv.15,15.0,-
4497,Drifters,IN  Lv.14,14.900001,32分+耐力
44987,eyes in the water,SV Lv. ◉,15.800003,底力+高BPM
450,Secret Lie,IN Lv.14,15.0,纵连
45062,だんだん早くなる,AT  Lv.14,14.6,-
45225,ƒƒƒƒƒ,AT  Lv.15,15.900003,底力+耐力+位移
45255,Cult Future,IN Lv.15,15.900003,爆发+耐力+位移
45964,天灵灵地灵灵,IN Lv.15,15.600002,变速+纵连
45977,Sayonara Hatsukoi,IN Lv.15,15.0,32分
46017,3rd Avenue,SP  Lv.？,13.799998,-
4609,Quon,IN Lv.14,14.200001,-
46108,憑いている (feat. 初音ミク),IN Lv.14,14.700001,-
46228,Submerged City,AT  Lv.18,18.000004,底力+楼梯+变速+耐力+位移
46230,Splash Dance!!,AT Lv.15,15.6,32分+耐力
46231,寄明月,IN Lv.13,13.1,楼梯
46236,thrinos;pygmalion,AT Lv.15,15.0,楼梯+变速
46237,动感方块,IN Lv.13,13.700003,楼梯+32分
46248,T+ VS SHARK,IN Lv.15,15.700003,楼梯+变速+耐力+位移
46253,Theatore Creatore,IN  Lv.15,15.800003,楼梯+爆发
46374,eastward,IN Lv.15,15.500002,多押+爆发+位移
46403,Crossmythos Rhapsodia,AT  Lv.18,18.1,底力+多押+楼梯+爆发+变速+耐力+位移
46418,MORNINGLOOM,IN Lv.16,16.2,-
4649,SILENT BLUE,AT Lv.15,15.588889,底力+爆发
4656,What's up? Pop!,IN Lv.15,16.300005,底力+楼梯+变速+耐力+位移
4662,Quantum Conversation,IN  Lv.14,14.800003,32分
46688,アナタニナルノ,IN  Lv.14,14.400002,楼梯
46820,ピュグマリオンの咒文,IN Lv.15,15.200001,楼梯
4686,即兴演出 fReeStyLE,AT Lv.16,16.2,楼梯+爆发+变速+纵连
46927,Splash Dance!!,IN Lv.14,14.200001,-
46929,ムリムリ進化論 (Anime Size),IN Lv.15,15.0,32分
47009,VS RENDA,IN Lv.15,15.800003,底力+32分+变速+耐力+位移
47264,Feeling Blue,AT Lv.16,16.700003,32分
47497,Submerged City,IN Lv.16,16.300001,底力+楼梯+耐力
47579,愛属性(feat.初音ミク),IN Lv.14,14.700003,-
47726,Ultimate Shot - To Cosmos,IN  Lv.16,16.099998,爆发+耐力
48,Muspelheim,AT,16.3,32分+变速+位移
48187,Scars of FAUNA,IN Lv.14,14.700003,楼梯
48339,迷星叫（Mayoiuta）,IN Lv.15,15.500002,多押+楼梯+32分+变速+位移+定轨
4838,MARENOL 1mg,MG Lv.14,14.0,底力+纵连
48457,siren's eye,IN Lv.16,16.800003,底力+变速+高BPM+叠键+位移
4861,Surasthana Fantasia 净善的遐歌,"IN Lv.13
",13.0,楼梯+纵连
48775,DEUS_X_MACHINE,Fm Lv.16,16.0,楼梯+32分+变速+高BPM+位移
48842,Stuckmoth feat. Hatsune Miku,IN  Lv.15,15.300001,-
49073,とげとげサディスティック,IN Lv.11,11.500002,-
4909,Angelic Layer,IN Lv.14,14.500002,-
49274,MVURBD,IN Lv.15,15.500002,底力+楼梯
49398,孤独に生きる者,AT Lv.13,13.0,-
49434,Overhea [r] t,IN Lv.16,16.2,底力+爆发
4972,音速宇宙旅行,IN Lv.15,15.0,底力+爆发+高BPM+位移
49806,Sakura Fubuki,IN  Lv.15,15.1,楼梯+定轨
49893,warning@sleeping,IN Lv.14,14.599999,楼梯+高BPM+定轨
49985,Brightness,IN  Lv.15,15.1,楼梯+32分+变速+纵连+位移
50040,blender,IN Lv.13,13.200001,-
50299,INTERCELL_LAUNCH_1.0,IN Lv.☐,15.900001,爆发+纵连
50310,「IRIS OUT」,IN  Lv.15,15.400002,楼梯
50489,Hall of Mirrors,IN Lv.13,13.400002,楼梯
5051,ULTRA SYNERGY MATRIX,IN Lv.15,15.277778,多押+爆发+变速+叠键+位移
50558,キュートなカノジョ (Cover),IN Lv.14,14.900003,爆发
5056,Deceiver,IN Lv.15,15.0,底力+爆发+位移
50670,もってけ!セーラーふく,IN Lv.14,14.800003,-
50752,神威,IN Lv.16,16.2,底力+爆发+耐力
50789,深圳东,AT  Lv.16,16.500002,耐力
50795,SYSTEM REBOOTING,IN Lv.15,15.900003,楼梯+32分+变速+纵连+位移+定轨
5117,Helios,IN Lv.15,15.788888,多押+32分+变速+定轨
5136,Lastoria,IN Lv.15,15.541667,楼梯+耐力+位移
51542,-SURREALISM-,ReBirth Lv.14,14.800003,楼梯
51922,Power Attack,IN Lv.15,15.500003,多押+楼梯+32分+变速+位移
5203,ULTRA SYNERGY MATRIX,IN Lv.15,15.0,多押+32分+变速+位移
52161,BlazinG AIR,AT Lv.16,16.300005,楼梯+32分+变速+耐力+位移
52307,Ultimate Force,IN  Lv.16+,16.8,底力+楼梯+变速+高BPM+纵连
52317,This Future(We didn't expect),IN Lv.15,15.0,楼梯+位移+定轨
52598,参宿四~Betelgeuse~,IN Lv.15,15.200001,底力
52749,Computer Cornflakes,IN Lv.16,16.400002,底力+高BPM
52804,Greatness Earth,IN  Lv.15,15.200005,多押+楼梯+32分+变速+位移+定轨
54065,Leave it to Fate,IN Lv.15,15.400002,-
54134,Unveil,IN Lv.14,14.200001,楼梯+定轨
54187,私は、わたしの事が好き(Extended ver),IN Lv.15,15.500001,多押+楼梯+32分+变速+耐力+位移
54336,SLASH,IN Lv.16,16.0,底力+楼梯+变速+位移
54601,7 Wonders,AT  Lv.16,16.000004,底力+楼梯+定轨
54604,Crush the Dystopia,IN Lv.16,16.500002,底力+变速+耐力+位移
54631,ARIGA THESIS,IN  Lv.14,14.500002,-
54664,青苹果乐园,IN  Lv.13,13.400002,-
54684,す、好きなんかじゃない！,IN  Lv.14,14.200001,32分
54724,伊天珀凌,IN Lv.15,15.500002,楼梯
54729,涙色の狂愛,IN Lv.16,16.1,爆发+耐力+位移
54747,夜的第七章,AT  Lv.16,16.300001,多押+32分+耐力
54761,怨撃,IN Lv.15,15.800003,多押+32分+变速+高BPM
54920,差不多得了,"FM Lv.16
",16.0,多押+楼梯+32分+变速
54948,Takoyaki-Rave Bomber,IN  Lv.15,15.500002,爆发
54958,Summoning 101,IN Lv.15,15.300001,32分
55000,チルノのパーフェクトさんすう学園,IN Lv.15,15.400001,楼梯+变速+位移+定轨
55024,チルノのパーフェクトさんすう教室  ⑨周年バージョン,IN  Lv.14,14.900001,楼梯
55026,Black：Magnam,IN Lv.14,14.699997,-
55028,鳥の詩,IN Lv.15,15.0999975,-
55094,〚回帰〛 ～Scherzo ~フォルトゥーナの悪戯~,IN Lv.15,15.700003,位移+定轨
55106,βlαnoir,IN Lv.15,15.800003,底力+爆发+纵连+位移
55118,劇場版『マージナル*フロンティア』,IN Lv.14,14.000004,耐力
55123,Peer Gynt,IN Lv.14,14.300001,楼梯
55160,Give (Me) Your Love,IN  Lv.15,15.1,楼梯+爆发
5518,Apollo,HD Lv.12,12.0,高BPM+定轨
55199,SUPER AMBULANCE,IN  Lv.15,15.5,楼梯+纵连
55205,Alea jacta est!,IN Lv.16,16.200003,底力+爆发+变速+耐力+位移
55213,See you next time!,IN Lv.13,13.1,-
55242,ヒバナ -Reloaded-,IN  Lv.15,15.200001,多押+楼梯+变速+耐力+位移
55360,Przepływ światła,IN Lv.14,14.700003,楼梯+定轨
5537,Don't Fight The Music,AT Lv.16,16.144445,底力+变速+耐力+位移
55375,STARCRASHERS,IN  Lv.15,15.600002,楼梯+32分+耐力+叠键+位移
55653,Midnight Flux,IN Lv.14,14.200001,爆发
5576,Crush BETA,MY  Lv.15,14.700002,多押+32分+位移
5602,Unleashed World,AT Lv.16,16.0,底力+爆发+高BPM
56426,route:REFLECTION,IN Lv.15,15.600001,楼梯
56452,MELT*DOWN,IN Lv.15,15.700003,楼梯+高BPM
56494,迷幻音浪,FM  Lv.15,15.0,楼梯+32分+爆发+变速+纵连+位移+定轨
566,廻り巡る,IN  Lv.16,16.1,底力+爆发+耐力+高BPM
570,ティアドロップス(Tear Drops),IN Lv.14,14.0,多押+32分
57046,エタニクル,IN Lv.14,14.1,32分
57086,携帯恋話 (feat. 東雲絵名&暁山瑞希&初音ミク),IN  Lv.14,14.300001,-
57166,Crescent,IN Lv.15,15.600002,-
57395,リテラチュア,IN  Lv.12,12.900003,-
580,cyanine,IN Lv.14,14.0,底力+纵连
58776,Good Boy,AT Lv.15,15.500002,楼梯+32分
59034,燦々,IN  Lv.15,15.600002,多押+楼梯+变速+耐力
59064,ずんどこ☆どんどんどーん！,IN Lv.15,15.600002,底力+多押+32分+变速
5924,Boss Rush,IN Lv.15,15.500002,多押+楼梯+32分+变速
59458,斷劍の獄,IN  Lv.15,15.1,底力+楼梯+爆发+位移
5961,IMPACT,IN  Lv.15,15.0,多押+楼梯+变速+耐力+位移
59759,All Eyes on Me,IN Lv.14,14.400002,楼梯
6080,Kyubi,IN  Lv.15,15.500002,-
6083,鸳鸯债,IN Lv.14,14.0,楼梯
61881,Love Para,IN Lv.15,15.0,-
6243,Bigroom Never Dies,IN Lv.14,14.500002,32分
6344,九龍霓虹街,AT Lv.16,16.0,多押+楼梯+耐力+位移
6375,Flashkick(Juggernaut. Remix),IN  Lv.15,15.0,楼梯+耐力
638,アイドル(Idol),IN Lv.14,14.744445,32分+耐力
6407,Catalinésie,IN Lv.15,15.0,底力+爆发+高BPM+定轨
6445,WE ARE HARDCORE,IN Lv.15+,16.044443,底力+多押+变速
6519,NULCTRL,AT Lv.15,15.300001,楼梯+纵连
6600,Requiem Cataclysm,IN Lv.15,15.0,多押+32分+变速+耐力+高BPM+位移
66012,ABYSS MOTION 192.333,IN  Lv.14,14.400002,楼梯
6602,強風オールバック（Cover:鹿乃ちゃん）,IN Lv.13,13.0,楼梯+32分
66661,"Help me, ERINNNNNN!!",IN Lv.16,16.400002,底力+楼梯+变速+耐力+位移+定轨
67280,Climax,IN Lv.15,15.0,楼梯+定轨
6755,mystique as iris,IN Lv.15,15.800003,楼梯+变速+叠键+位移+定轨
6766,sølips,IN Lv.15,15.833333,楼梯
6817,Lostwizz,IN  Lv.15,15.900003,变速+耐力
6823,Power Attack,IN Lv.14,14.600002,多押+位移
68249,神鳴,IN Lv.16,16.300001,底力+楼梯+变速+耐力+位移
6882,R.I.P.,IN Lv.14,14.0,-
692,Era Breath,AT  Lv.16,16.900003,多押+32分+变速+纵连+位移
6938,Binary Wonderland,IN  Lv.15,15.800003,底力+多押+爆发+耐力+位移
6943,無機質世界に彩を,IN Lv.14,14.0,底力+爆发
6949,Quattro Elements Dimiourgia,IN  Lv.16,16.300005,位移
6954,-1,AT Lv.16,16.0,多押+32分+变速+耐力+位移
6982,Contrapasso -paradiso-,IN Lv.16,16.200005,多押+32分+变速+耐力+高BPM+位移
69957,REGEN,IN  Lv.15,15.7,底力+楼梯+变速+耐力+纵连+位移
69967,缄色症候,IN  Lv.15,15.1,楼梯+爆发
6997,Dandelion's Daydream,IN Lv.14,14.2,-
7102,Emergency2,WAW Lv.15,15.0,底力+耐力
7104,火狐之舞,AT Lv.16,16.0,底力+多押+32分+变速+耐力+高BPM+位移
7116,Necroxus,AT Lv.16,16.0,底力+多押+32分+变速+耐力+高BPM+位移
713,Le Porteur d'Ombre,IN Lv.15,15.94,底力+多押+变速+耐力+高BPM+叠键+位移+定轨
7210,Ever Free,IN Lv.14,14.900003,多押+32分+变速+位移
7364,俗物フェスティバル,IN Lv.15,15.0,多押+32分
7386,Spider's Thread,AT Lv.16,16.2,底力+楼梯+爆发+读谱+耐力+定轨
7418,ドーピングダンス (亢奋剂舞),MI Lv.15,15.0,多押+楼梯+32分+变速+耐力+位移
7479,RE Aoharu,IN Lv.14,14.700003,32分+读谱
7480,Sense,Uplifting Lv.13,13.0,楼梯
7516,Bathin,AT  Lv.17,17.500006,底力+多押+32分+变速+耐力+位移
754,Shin Takarajima Elevator,Waiting - IN 11,11.0,-
755,マシンガンポエムドール,AT Lv.16,16.0,底力+爆发+耐力+高BPM+位移
7593,Saintelmo,IN  Lv.15,15.0,底力+叠键+位移
7597,猫祭り,IN Lv.14,14.744445,楼梯
7609,Beyond the Horizon,IN Lv.14,14.0,多押+耐力
7645,BIKE,IN  Lv.14,14.0,楼梯
7687,A Gleam For The Sightless,IN Lv.13,13.0,-
7707,Annihilation in F# Minor,EX Lv.17,17.700003,底力+多押+楼梯+变速+耐力+位移
771,Dice 20,IN Lv.14,14.0,-
7773,魑魅魍魉,IN Lv.15,15.0,底力+楼梯
7906,Unreal Veil,IN Lv.14,14.9,多押+32分+耐力
8034,Phoebus,AT Lv.15,15.0,-
8120,瞑々,IN Lv.15,15.000004,-
8127,Prism Fountain,IN Lv.15,15.400001,底力+耐力
8176,神っぽいな,IN  Lv.15,15.0,-
8290,GALACTIC WARZONE,AT Lv.16,16.0,底力+多押+变速+耐力+位移
8340,Bad Gateway,IN  Lv.15,15.0,楼梯+纵连+位移
8354,See Chaos,IN  Lv.15,15.700003,爆发+变速+耐力+叠键+位移+定轨
8385,小雨,IN Lv.13,13.0,-
8430,太陽系デスコ,IN  Lv.14,14.0,多押+楼梯+32分
8483,8-EM,IN  Lv.15,16.100004,-
8489,FRIEND,IN Lv.15,15.0,底力+多押
8523,ぱくぱく☆がーる,IN Lv.13,13.600013,-
8565,Remember Our Summer,IN  Lv.12,12.0,-
8597,Quon,AT Lv.16,16.0,多押+32分+位移
8641,夏天幻游日记,warm Lv.13,13.0,-
8706,寄明月,IN Lv.13,13.0,-
8715,Lunation,IN  Lv.15,15.177777,高BPM
8717,夜明けまであと3秒,IN Lv.14,14.0,-
8722,MIDNIGHT(VIP),IN Lv.14,14.600002,32分
8723,Midnight Challenge,IN  Lv.14,14.0,耐力
8734,Own The Night,IN Lv.15,15.0,32分+位移
8742,求婚,IN  Lv.15,15.300001,耐力
8751,Valsqotch,AT Lv.15,15.733334,爆发+变速
8769,NightTheater,IN Lv.15,15.0,爆发+位移
877,Lanterns,IN Lv.13,13.0,32分
8776,Auzof Ctrl,IN Lv.14,14.6,-
8825,lost umbrella(yuigot Remix),IN  Lv.13,13.0,-
8967,黑夜,AT  Lv.17,17.300005,底力+楼梯+耐力
9,Wizdomiot,IN Lv.15,15.433333,底力+爆发
9064,R'N'R Monsta,IN  Lv.15,15.900003,高BPM
9066,FRIEND,HD Lv.11,11.0,纵连
9068,はげしこの夜 -Psylent Crazy Night-,IN Lv.15,15.0,底力
9069,Night thea+er Etude,AT Lv.15,15.0,爆发+位移
9072,Selenadia,IN Lv.15,15.900001,楼梯+32分+爆发+变速+高BPM+位移+定轨
9076,Blackest Luxury Car,IN Lv.14,14.0,-
909,ウミユリ海底谭,IN Lv.14,14.0,32分
9112,熱帯夜の祭り,IN  Lv.13,13.0,-
9362,World Vanquisher,AT Lv.16,16.2,底力+多押+楼梯+32分+变速+耐力
9412,NULCTRL,SP Lv.?,15.5,楼梯+叠键+定轨
9414,鬼媒,IN Lv.14,14.700003,底力+楼梯+爆发
9455,Dizzolve,IN Lv.15,15.0,位移+定轨
9545,Slyness Foxx,IN Lv.14,14.0,-
9556,The Nightscape,IN Lv.14,14.600002,纵连
9614,Arcade ViruZ,1N Lv.15,15.200001,定轨
9622,Faster,IN Lv.15,15.200001,爆发
9624,竹,AT Lv.16,16.1,多押+耐力+纵连+位移
963,Amnéhilesie,IN Lv.16,16.0,底力+爆发+高BPM+位移
9668,The Last Page,IN Lv.15,15.400001,底力+爆发+位移
9739,Elemental Ethnic,IN Lv.14,14.900004,爆发
9744,I,AT Lv.16,16.2,多押+32分+变速+耐力+高BPM+定轨
9843,叛逆のキャスタウェイ,IN Lv.16,16.200005,耐力
9856,Catalinésie,RE Lv.17,17.600006,底力+耐力+高BPM+位移
9863,Magical Panic Adventure,IN Lv.16,16.699997,底力+楼梯+变速+高BPM+叠键+位移+定轨
9882,snooze,IN Lv.14,14.0,-
989,MARENOL,AT Lv.15,15.599999,纵连
9918,SapphirE,IN Lv.14,14.0,-
9962,8bit Adventurer,IN Lv.15,15.300001,-
