id,name,level,diff,pred,err,mf3,hold%,tags,kyou_type
10125,WaH!,IN Lv.15,15.5,15.32,-0.18,0,0.1,多押+纵连+位移+锁手+定轨,硬抗
10203,Aurora,AT  Lv.16,16.3,17.25,0.95,7,0.07,多押+高速+变速+纵连+叠键+位移+锁手,硬抗
10228,歌いましょう鳴らしましょう,IN Lv.16,16.0,15.16,-0.84,0,0.13,多押+变速+高BPM+位移+锁手,硬抗
10231,Misty Memory(Night Version),IN Lv.13,13.1,13.48,0.38,1,0.28,高BPM+锁手,定位
10341,See The Light,Fm Lv. 15,15.3,14.71,-0.59,0,0.17,楼梯+叠键+锁手+定轨,综合
10418,APOCALYPTICA(feat.符白牙),IN Lv.13,13.3,10.5,-2.8,0,0.37,锁手,读谱
10585,驟雨の狭間,IN  Lv.15,15.6,15.55,-0.05,0,0.13,楼梯+高速+纵连+锁手,硬抗
10608,Light Me Up,IN Lv.14,14.6,14.92,0.32,39,0.19,纵连+锁手,读谱
1067,強風オールバック,IN Lv.13,13.0,14.0,1.0,0,0.19,楼梯+纵连+锁手,综合
10730,Glitch Street,IN  Lv.14,15.2,15.08,-0.12,0,0.15,高速+纵连+锁手,硬抗
10760,Midnight Flux,IN Lv.13,13.8,13.6,-0.2,0,0.1,锁手,硬抗
1086,Frey's philosophy,AT Lv.16,16.1,16.23,0.13,13,0.05,读谱+锁手,硬抗
11032,粛聖!! ロリ神レクイエム☆,IN Lv.14,14.7,14.36,-0.34,0,0.12,楼梯+锁手,综合
11068,Doppelgängers,SP Lv.Yiep Verse,15.3,15.92,0.62,0,0.14,楼梯+纵连+锁手,读谱
11115,Λzure Vixen,AT Lv.16,16.4,17.34,0.94,7,0.13,底力+多押+楼梯+高速+变速+位移+锁手+定轨,硬抗
1124,WORLDINVADER,IN  LV.15,15.6,15.47,-0.13,0,0.11,高速+纵连+锁手,硬抗
11323,BLACK or WHITE?,IN Lv.15,15.0,16.23,1.23,0,0.14,底力+多押+高速+位移+锁手,硬抗
11404,Kaleidoscope,IN Lv.13,13.4,13.91,0.51,0,0.12,多押+锁手,定位
11461,はじまりのセツナ,IN Lv.14,14.2,14.02,-0.18,0,0.21,锁手,综合
11489,Lazuladia,FM Lv.14,14.6,15.33,0.73,0,0.18,多押+纵连+锁手,硬抗
11493,Caliburne～Story of the Legendary sword～,FM Lv.15,15.4,15.46,0.06,0,0.11,底力+多押+变速+纵连+位移+锁手,硬抗
11588,βlαnoir,AT Lv.16,16.4,16.88,0.48,0,0.11,底力+多押+楼梯+高速+位移+锁手+定轨,硬抗
11613,5ANK41！,YW Lv.13,13.0,13.64,0.64,0,0.3,锁手,定位
11627,Crush Alcohol,MY Lv.15,15.3,15.22,-0.08,0,0.1,底力+多押+高速+变速+位移+锁手,硬抗
11628,Crush Keyboard,MY Lv.15,15.9,15.64,-0.26,0,0.15,多押+变速+高BPM+位移+锁手,定位
11728,"""411Ψ892""",IN Lv.15,15.9,15.8,-0.1,0,0.09,多押+楼梯+高速+纵连+位移+锁手,定位
11798,人マニア,IN Lv.15,15.3,14.81,-0.49,0,0.2,楼梯+纵连+锁手,读谱
11810,人マニア,AT  Lv.16,16.0,17.5,1.5,50,0.29,楼梯+变速+纵连+锁手,硬抗
11850,Fine Logic,IN  Lv.14,14.6,14.17,-0.43,0,0.12,楼梯+纵连+锁手,定位
11864,Leave It Alone,IN Lv.14,14.2,13.88,-0.32,0,0.17,锁手,综合
11877,Antler,IN Lv.14,14.7,14.97,0.27,0,0.13,楼梯+纵连+锁手,定位
11968,Elevate,IN Lv.15,15.4,15.5,0.1,0,0.21,楼梯+高速+纵连+锁手,硬抗
12007,神っぽいな,MI Lv.13,13.0,13.25,0.25,0,0.2,锁手,综合
12181,第六感,IN  Lv.14,14.0,14.63,0.63,0,0.17,纵连+锁手,定位
12263,Swing Edge,IN Lv.15,15.4,14.73,-0.67,0,0.11,纵连+锁手,读谱
12432,Anniv.,IN Lv.13,13.7,14.13,0.43,0,0.18,锁手,定位
12488,deadeye,IN Lv.15,15.4,15.43,0.03,0,0.2,楼梯+高速+纵连+锁手,定位
12750,ヰヱロウ,IN Lv.15,15.2,15.92,0.72,0,0.24,高速+纵连+锁手,硬抗
12783,灾蚀的痕影 Silhouette of Catastrophe,IN Lv.15,15.4,15.56,0.16,3,0.07,楼梯+变速+纵连+叠键+锁手,读谱
1281,Ocean Blue,IN Lv.11,11.1,13.03,1.93,0,0.16,锁手,定位
1283,天津甕星,AT Lv.15,15.5,15.85,0.35,0,0.17,楼梯+高速+位移+锁手,硬抗
1292,海神寓拝,IN Lv.14,14.0,15.0,1.0,1,0.19,纵连+锁手,综合
12931,Everlasting Liberty,AT Lv.15+,15.9,17.02,1.12,65,0.12,多押+变速+高BPM+纵连+叠键+位移+锁手+定轨,硬抗
12936,Unchosen,IN Lv.14,14.5,14.74,0.24,0,0.03,纵连+锁手,读谱
1294,disperagioia, IN Lv.16+,16.7,17.04,0.34,0,0.1,底力+多押+高速+纵连+位移+锁手,硬抗
130,Inverted World,IN Lv.15,15.0,15.14,0.14,0,0.07,高速+位移+锁手,硬抗
13415,reboot*the Starlight,IN  Lv.14,14.0,13.72,-0.28,0,0.17,纵连+锁手,读谱
13474,恋ひ恋ふ縁,IN Lv.14,14.2,13.09,-1.11,0,0.18,锁手,综合
1354,Hello (BPM) 2022,HD Lv.16,16.0,17.9,1.9,24,0.06,底力+多押+楼梯+高速+变速+纵连+位移+锁手,硬抗
13568,脳漿炸裂ガール,IN Lv.15+,15.9,15.85,-0.05,0,0.13,底力+高速+变速+纵连+位移+锁手,硬抗
13796,はぐ,IN Lv.14,14.4,15.04,0.64,0,0.15,锁手,定位
13888,Birth Of The Sun,IN Lv.12,12.8,13.91,1.11,3,0.17,楼梯+纵连+锁手,读谱
13940,POWER OF UNITY,IN  Lv.16,16.0,15.33,-0.67,0,0.14,多押+楼梯+高速+变速+纵连+位移+锁手,硬抗
14024,青龙•木,IN  Lv.14,14.3,13.63,-0.67,0,0.16,锁手,读谱
14048,Birds of Plague,IN Lv.15,15.5,15.68,0.18,0,0.13,底力+高速+纵连+锁手,硬抗
14222,花と、雪と、ドラムンベース,SP Lv.?,16.1,15.37,-0.73,0,0.11,纵连+锁手,硬抗
14382,Caldwell 99,IN Lv.14,14.3,14.72,0.42,0,0.15,纵连+锁手,读谱
14447,踊,IN Lv.15,15.1,14.98,-0.12,0,0.09,锁手,综合
14460,Jack-the-Ripper◆,IN Lv.14,14.5,14.22,-0.28,0,0.22,锁手,硬抗
14521,crazy cinema story,AT Lv.15,15.9,17.01,1.11,10,0.14,底力+锁手,硬抗
14539,燃えてもエンジョイ！宛城、炎上！！,IN Lv.15,15.3,14.98,-0.32,0,0.1,楼梯+高速+纵连+锁手,定位
14578,洞穴,IN Lv.14,14.6,14.57,-0.03,0,0.13,楼梯+纵连+锁手,读谱
1464,SILENT TEARS (feat.Yukacco),FM Lv.16,16.0,16.98,0.98,68,0.1,高速+读谱+纵连+锁手,硬抗
1469,"Symphonic Rhapsody op.1 ""Aster""",IN Lv.14,14.0,13.85,-0.15,0,0.26,锁手,读谱
14705,ロータスイーター（feat.歌愛ユキ）,AT Lv.14,14.5,14.13,-0.37,0,0.17,纵连+锁手,读谱
14728,MAXRAGE,EX Lv.15,15.7,15.96,0.26,0,0.09,多押+高速+变速+高BPM+纵连+位移+锁手,硬抗
14945,α CMa,IN Lv.14,14.1,13.8,-0.3,0,0.17,楼梯+锁手,读谱
15060,Aじゃないか,IN Lv.15,15.5,15.16,-0.34,0,0.26,多押+锁手,硬抗
15074,Bl∞dmoon,IN Lv.15,15.8,15.62,-0.18,0,0.13,楼梯+高速+锁手+定轨,硬抗
1510,Androgynos,IN  Lv.14,14.7,14.74,0.04,0,0.07,多押+楼梯+纵连+锁手,定位
15129,To：Be Continued,AT Lv.16,16.6,17.28,0.68,36,0.13,底力+多押+高速+变速+高BPM+纵连+位移+锁手+定轨,硬抗
1513,Androgynos,MY  Lv.14,14.8,15.02,0.22,0,0.22,多押+楼梯+纵连+位移+锁手,定位
1514,R.I.P.【絶望の戦闘】,IN  Lv.15,15.8,15.66,-0.14,0,0.13,多押+位移+锁手,硬抗
15173,白花の天使,IN Lv.15,15.4,15.25,-0.15,0,0.13,纵连+锁手,硬抗
15196,Swift,IN  Lv.14,14.8,13.87,-0.93,0,0.19,纵连+锁手,硬抗
15224,Endure,IN Lv.15,15.7,14.53,-1.17,0,0.15,楼梯+纵连+锁手,定位
15350,Giselle,IN Lv.15,15.4,14.79,-0.61,0,0.14,楼梯+高速+锁手,读谱
15446,AKKERA-COUNTRY-BOY,IN Lv.14,14.3,14.99,0.69,0,0.07,锁手,综合
15451,Galaxy Friends,IN Lv.16+,16.7,16.66,-0.04,0,0.05,底力+多押+楼梯+变速+高BPM+纵连+位移+锁手+定轨,硬抗
15459,时落之雨,IN Lv.?,12.2,8.48,-3.72,0,0.13,锁手,综合
15516,fragments.arc,IN  Lv.16,16.1,15.13,-0.97,0,0.22,楼梯+纵连+锁手,硬抗
15602,Earthquake,IN Lv.15,15.5,15.28,-0.22,0,0.17,楼梯+纵连+锁手,读谱
1566,Absolute Future,FM Lv.15,15.0,15.33,0.33,0,0.13,纵连+锁手,硬抗
15769,Beyond the Rainbow,IN Lv.15,15.4,15.51,0.11,0,0.15,高BPM+纵连+位移+锁手,定位
15790,アスノヨゾラ哨戒班,IN Lv.14,14.2,14.32,0.12,0,0.08,锁手,综合
15795,Fading Sky,FM Lv.14,14.6,14.77,0.17,0,0.15,楼梯+锁手,硬抗
15875,FREEDOM DiVE (tpz Overcute Remix),Master Lv.16+,16.6,16.01,-0.59,0,0.13,变速+高BPM+位移+锁手+定轨,硬抗
15924,Alice in Misanthrope -厭世アリス-,IN Lv.15,15.3,15.55,0.25,0,0.03,多押+纵连+锁手,定位
1597,End Time,IN  Lv.15,15.4,15.39,-0.01,0,0.07,底力+高速+纵连+位移+锁手+定轨,硬抗
16048,I Am No One,AT Lv.16,16.2,17.26,1.06,40,0.05,多押+楼梯+高速+变速+纵连+位移+锁手,硬抗
1616,花たちに希望を,IN Lv.14,14.0,15.18,1.18,0,0.1,纵连+锁手,硬抗
16163,Late Night Coastline,IN Lv.14,14.9,15.17,0.27,0,0.21,多押+纵连+锁手,硬抗
16272,Disruptor Array,AT Lv.16,16.3,17.02,0.72,4,0.12,底力+多押+楼梯+变速+高BPM+纵连+位移+锁手,硬抗
16322,Accelerate,IN Lv.14,14.8,14.85,0.05,0,0.09,楼梯+变速+锁手,读谱
1636,Gee,SP Lv.14,14.0,14.7,0.7,0,0.23,多押+变速+位移+锁手,定位
1637,Altros,FM Lv.14,14.0,15.17,1.17,0,0.06,纵连+锁手,定位
1638,下水鳴動して鼠一匹,FM Lv.14,14.0,14.45,0.45,0,0.13,多押+纵连+锁手,硬抗
1639,PANDORA PARADOXXX,AT Lv.16,16.3,17.34,1.04,32,0.12,底力+多押+纵连+位移+锁手,定位
16571,WHITEOUT,IN Lv.15,15.4,15.3,-0.1,0,0.11,楼梯+高速+纵连+锁手,定位
16573,GIMMICK,IN Lv.14,14.1,14.52,0.42,0,0.41,纵连+锁手,读谱
16578,Secret of my heart,IN Lv.14,14.3,13.13,-1.17,0,0.38,锁手,定位
16593,DEUX EX MĀXHINĀ,AT Lv.18,18.0,18.14,0.14,76,0.12,底力+多押+高速+变速+高BPM+纵连+叠键+位移+锁手,硬抗
16596,Gypsophila,IN Lv.15,15.2,14.41,-0.79,0,0.19,纵连+锁手,读谱
16620,Birds of Plague,IN  Lv.15,15.3,15.22,-0.08,0,0.05,底力+高速+纵连+锁手,硬抗
16624,Fiction Blue,SP Lv. ?,13.5,14.7,1.2,0,0.13,锁手,综合
16659,anybody can find love(except you.),IN Lv.15,15.0,15.15,0.15,0,0.06,楼梯+高速+读谱+纵连+锁手,硬抗
16661,雲雀,IN Lv.14,14.6,14.2,-0.4,0,0.13,锁手,定位
16662,The Stars Are Tumbling Out Of The Sky,IN Lv.15,15.5,14.98,-0.52,0,0.25,锁手,综合
16673,Skyscape,IN Lv.13,13.5,13.32,-0.18,0,0.16,锁手,定位
16685,Firmament Star,IN  Lv.15,15.4,15.6,0.2,0,0.03,底力+高速+锁手,硬抗
16687,felys -final remix-,IN  Lv.14,14.2,14.55,0.35,0,0.1,锁手,定位
16688,Butterfly Twist,IN  Lv.14,14.4,14.64,0.24,0,0.08,高速+锁手,定位
1669,Dream of Memories,FM Lv.13,13.0,14.09,1.09,0,0.1,锁手+定轨,定位
16692,Angel's Salad,IN  Lv.15,15.9,16.35,0.45,0,0.12,底力+高速+变速+纵连+位移+锁手+定轨,硬抗
167,Wildfire,IN Lv.15,15.6,16.32,0.72,87,0.07,多押+变速+纵连+位移+锁手+定轨,定位
1672,PhonDrome!,FM Lv.15,15.0,15.8,0.8,0,0.11,楼梯+高速+纵连+锁手,硬抗
1673,The Last Page,FM Lv.14,14.0,15.04,1.04,0,0.06,纵连+锁手,定位
16737,Into The Sky,IN Lv.14,14.5,14.3,-0.2,0,0.09,楼梯+纵连+锁手,定位
16764,壱雫空,IN Lv.14,14.2,14.47,0.27,0,0.16,纵连+锁手,硬抗
16765,VEZZELiX,IN Lv.15,15.8,14.98,-0.82,0,0.1,多押+变速+位移+锁手,定位
1694,Oceanus,IN Lv.16,16.2,15.86,-0.34,0,0.02,高速+纵连+锁手,硬抗
16948,Paradise Ⅱ,IN  Lv.14,14.4,14.35,-0.05,0,0.25,锁手,综合
1700,Daydream,IN Lv.14,14.0,15.86,1.86,50,0.13,多押+纵连+锁手,读谱
1701,Turn Back Time,IN Lv.13,13.0,12.64,-0.36,0,0.18,锁手,读谱
17049,The Next Arcady,IN Lv.15,15.1,14.86,-0.24,0,0.1,纵连+锁手,定位
1724,くうになる (放空),[    ].14,14.0,14.46,0.46,0,0.14,多押+读谱+变速+锁手,硬抗
1728,"Good bye, Merry-Go-Round.",IN Lv.15,15.0,15.35,0.35,0,0.06,楼梯+高速+纵连+锁手,硬抗
17312,CH4NGE -【Giga (Self Cover)】,AT Lv.15,15.5,13.98,-1.52,12,0.27,锁手,定位
17314,Fortuna for tuna,IN,14.9,15.29,0.39,0,0.15,楼梯+纵连+锁手,读谱
17598,I Got Silence,IN Lv.15,15.7,15.5,-0.2,0,0.16,多押+位移+锁手,硬抗
17730,GGF,IN  Lv.?,14.5,13.91,-0.59,0,0.15,锁手,读谱
17799,HELP!!,IN Lv.13,13.5,13.27,-0.23,0,0.13,锁手,定位
1782,てんてん (New Vocal Version),IN Lv.15,15.5,15.0,-0.5,0,0.2,变速+高BPM+纵连+锁手,定位
17841,G4L,IN Lv.15,15.0,14.53,-0.47,0,0.22,纵连+锁手,读谱
17856,The Formula,SP  Lv.？,15.7,16.36,0.66,0,0.05,纵连+锁手,硬抗
17987,ヨイハナビ,IN Lv.13,13.5,13.64,0.14,0,0.06,变速+锁手,硬抗
18097,ウサテイ20XX,IN  Lv.14,14.6,14.94,0.34,0,0.11,楼梯+纵连+锁手,综合
1816,Bloody Marquis,IN Lv.15,15.6,15.95,0.35,0,0.11,底力+多押+变速+高BPM+纵连+位移+锁手+定轨,硬抗
18202,After Rain,IN Lv.13,13.5,10.9,-2.6,0,0.09,纵连+锁手,读谱
18203,Replay,IN Lv.13,13.5,13.45,-0.05,0,0.16,锁手,定位
18287,だから僕は音楽を辞めた,IN Lv.15,15.4,15.38,-0.02,0,0.12,锁手,硬抗
1855,One Way Street,IN Lv.14,14.0,14.84,0.84,0,0.14,纵连+锁手,读谱
1856,回レ！雪月花,IN Lv.13,13.0,13.83,0.83,0,0.1,锁手,定位
18633,守りたいもの,IN  Lv.13,13.1,10.94,-2.16,0,0.26,楼梯+锁手,定位
18714,Valsqotch,IN Lv.16,16.2,16.63,0.43,1,0.23,楼梯+高速+变速+高BPM+纵连+位移+锁手,硬抗
1882,Deity Silence,IN  Lv.16,16.1,16.39,0.29,42,0.1,纵连+位移+锁手,硬抗
1896,"Don't say ""lazy""",IN Lv.13,13.0,13.71,0.71,0,0.09,多押+位移+锁手,定位
19181,Picasso,AT Lv.?,16.7,17.59,0.89,34,0.11,底力+楼梯+变速+纵连+叠键+锁手,硬抗
19365,雑踏、僕らの街 (TV Size),IN  Lv.14,14.8,14.76,-0.04,0,0.23,高速+纵连+锁手,硬抗
19436,astral.exe,IN Lv.14,14.5,15.18,0.68,0,0.04,高速+变速+纵连+锁手,定位
19485,BBBang (feat. 星尘),IN  Lv.15,15.4,15.5,0.1,0,0.21,读谱+锁手,读谱
19680,What You Want,FM Lv.15,15.9,16.21,0.31,47,0.13,楼梯+读谱+变速+纵连+锁手,读谱
19912,ふわり,IN.cloud,14.1,14.19,0.09,0,0.45,位移+锁手,硬抗
20017,Caramelldansen,FM Lv.14,14.2,14.28,0.08,0,0.15,锁手,定位
2012,Sakura Fubuki,IN Lv.14,14.7,13.97,-0.73,0,0.11,楼梯+高速+纵连+锁手,定位
20180,メズマライザー,IN Lv.15,15.1,14.79,-0.31,0,0.16,锁手,硬抗
20283,フリーフォール,IN Lv.14,14.5,15.2,0.7,0,0.14,多押+楼梯+纵连+锁手+定轨,定位
20326,Forever Young,AT  Lv.15,15.6,16.53,0.93,65,0.17,多押+变速+位移+锁手,硬抗
20532,You & I (VIP Mix),IN,14.6,14.47,-0.13,0,0.24,纵连+锁手,读谱
20534,Starry World,IN Lv.15,15.1,15.25,0.15,0,0.13,锁手,定位
20577,Grown-up's Paradise (PV Ver.),IN  Lv.12,12.8,10.77,-2.03,0,0.38,楼梯+纵连+锁手,综合
20601,Triad of Dryad,IN,14.4,14.64,0.24,0,0.25,楼梯+纵连+锁手,定位
2063,Dement ～After legend～,IN Lv.15,15.0,15.64,0.64,0,0.05,纵连+锁手,综合
20996,Suomi,IN Lv.14,14.2,14.37,0.17,0,0.27,纵连+锁手,读谱
2101,大喜宙,IN Lv.14,14.0,13.95,-0.05,0,0.11,锁手,综合
21041,cyanine,IN  Lv.15,15.5,15.85,0.35,0,0.15,高BPM+锁手,硬抗
21135,ARIGA THESIS,IN  Lv.14,14.6,14.64,0.04,0,0.16,纵连+锁手,硬抗
21201,ナイト・オブ・ナイツ,IN Lv.15,15.7,15.71,0.01,0,0.09,多押+高速+变速+纵连+位移+锁手,硬抗
2126,怪物,IN,14.2,13.33,-0.87,0,0.13,多押+楼梯+锁手,硬抗
213,Options,IN Lv.13,13.0,12.83,-0.17,0,0.12,锁手,读谱
2132,Break your desire,IN  Lv.15,15.0,14.57,-0.43,0,0.08,多押+锁手,硬抗
21331,BEWM,SP,15.9,14.87,-1.03,19,0.14,楼梯+纵连+锁手,定位
2175,Dragonlady,IN Lv.15,15.0,15.04,0.04,0,0.05,纵连+锁手,硬抗
2195,《理想》～ Cloudland,IN Lv.12,12.0,13.64,1.64,0,0.15,锁手,定位
2205,Sakura Reflection (regular),IN Lv.14,14.0,14.37,0.37,0,0.14,纵连+锁手,硬抗
22072,恋せよ乙女!,IN Lv.14,14.7,13.78,-0.92,0,0.15,多押+变速+高BPM+锁手,定位
2253,ヒアソビ,IN  Lv.15,15.0,15.7,0.7,0,0.2,纵连+锁手,拆谱
22681,Pandemic,IN Lv.15,15.3,15.22,-0.08,0,0.15,变速+纵连+锁手,定位
22766,シカ色デイズ (TV Size),IN  Lv.13,13.2,12.94,-0.26,0,0.29,锁手,硬抗
23075,好,IN Lv.15,15.5,14.4,-1.1,0,0.28,楼梯+纵连+锁手,综合
232,Re：End of a Dream,IN,15.7,16.2,0.5,0,0.06,多押+变速+高BPM+纵连+位移+锁手,硬抗
23599,Mr. Scratch Man,ST  Lv.16,16.8,16.93,0.13,142,0.09,多押+楼梯+变速+纵连+叠键+位移+锁手,硬抗
23649,SUPER REACTOR,IN Lv.14,14.2,14.5,0.3,0,0.15,纵连+锁手,定位
23677,Crush Expert,ST Lv.15,15.4,15.65,0.25,0,0.17,多押+变速+纵连+锁手,硬抗
23740,Ark in the Blood Sky,ST Lv.15,15.3,15.09,-0.21,0,0.11,底力+高速+纵连+锁手,硬抗
23762,ハッピーフェイクショー (feat. はぁち),ST Lv.16,16.3,16.66,0.36,0,0.16,底力+高速+纵连+位移+锁手,硬抗
23769,ニャンだふる♡サマー!!,IN Lv.15,15.8,15.9,0.1,0,0.08,底力+多押+高速+变速+高BPM+纵连+位移+锁手,硬抗
23796,はいよろこんで,IN  Lv.15,15.8,14.61,-1.19,0,0.07,锁手,综合
23879,かたち,Abyss Lv.14,14.5,14.43,-0.07,0,0.16,锁手,定位
23951,Conway's Child,ST Lv.15,15.8,16.0,0.2,0,0.07,底力+高速+位移+锁手,硬抗
24079,Tablear,ST Lv.15,15.7,15.86,0.16,0,0.1,楼梯+纵连+锁手,硬抗
24089,Record Player,ST Lv.16,16.0,15.41,-0.59,0,0.1,底力+楼梯+锁手,硬抗
24101,RE Aoharu,IN Lv.15,15.0,14.43,-0.57,0,0.21,多押+位移+锁手+定轨,硬抗
24253,Transparent ZERO,ST Lv.15,15.7,17.1,1.4,32,0.14,高速+纵连+叠键+锁手,硬抗
24254,Nemesis,ST Lv.16,16.3,16.43,0.13,0,0.06,底力+多押+高速+变速+高BPM+纵连+位移+锁手,硬抗
24295,きゅびびびびずむ,IN  Lv.15,15.6,16.26,0.66,0,0.2,楼梯+变速+锁手,硬抗
24310,MARENOL,FM Lv.15,15.1,15.13,0.03,0,0.1,楼梯+纵连+锁手,综合
24421,Screw 'N' Twisty,ST  Lv.17,17.0,17.49,0.49,118,0.09,底力+高速+纵连+位移+锁手,定位
24435,超☆超☆光☆速☆出☆前☆最☆速!!! スピード★スター★かなで,AT Lv.16,16.3,16.99,0.69,17,0.13,底力+多押+楼梯+高速+变速+纵连+位移+锁手,硬抗
24762,白庭,ST Lv.16,16.2,16.43,0.23,20,0.09,楼梯+变速+高BPM+纵连+锁手,硬抗
24881,Makear,ST Lv.18,18.0,17.87,-0.13,52,0.16,底力+多押+高速+变速+高BPM+纵连+叠键+位移+锁手+定轨,硬抗
24882,POLYBIUS GB SPEEDRUN -Glitchless 100% WR in 0:03:57-,ST  Lv.BadEnd,17.1,18.64,1.54,51,0.1,底力+多押+楼梯+高速+变速+叠键+位移+锁手,硬抗
24969,WACCA ULTRA DREAM MEGAMIX,ST  Lv.FINAL,17.7,18.59,0.89,178,0.15,底力+多押+楼梯+变速+纵连+叠键+位移+锁手,硬抗
24973,Rocky Buinne,AT Lv.17,17.1,17.14,0.04,25,0.13,底力+多押+变速+高BPM+纵连+位移+锁手,硬抗
25019,sic transit gloria mundi,AT  Lv.16,16.5,17.11,0.61,27,0.09,底力+高速+纵连+位移+锁手+定轨,硬抗
25181,Empuxa,IN Lv.15,15.6,15.62,0.02,0,0.2,多押+变速+纵连+位移+锁手,硬抗
25200,Butterfly Twist,IN Lv.14,14.5,14.56,0.06,0,0.1,楼梯+高速+纵连+锁手,定位
2525,LIN NE KRO NE,AT,16.3,17.09,0.79,19,0.24,多押+变速+高BPM+位移+锁手,硬抗
25317,はいよろこんで,IN Lv.14,14.9,14.62,-0.28,0,0.14,楼梯+锁手+定轨,读谱
25342,A Gleam For The Sightless,IN Lv.13,13.7,13.73,0.03,0,0.07,楼梯+纵连+锁手,定位
2553,me & u,IN Lv.14,14.0,14.7,0.7,0,0.07,纵连+锁手,综合
2568,Antler,FM Lv.14,14.7,15.27,0.57,0,0.14,锁手,拆谱
25818,蛍はいなかった（初音未来.ver）,IN Lv.14,14.6,14.19,-0.41,0,0.29,锁手,综合
25869,!⸮ WAS IT A CAT I SAW ?!,INS  Lv.14,14.8,14.68,-0.12,0,0.12,楼梯+变速+纵连+锁手,定位
25905,Surveillance(feat. RANASOL),IN Lv.14,14.6,14.63,0.03,0,0.19,楼梯+纵连+锁手,综合
26119,再生,CM Lv.14,14.9,14.08,-0.82,0,0.08,多押+纵连+锁手,定位
2613,驟雨の狭間,AT Lv.16,16.0,16.08,0.08,8,0.17,底力+高速+纵连+锁手,硬抗
2617,打上花火,IN Lv.13,13.5,12.12,-1.38,0,0.26,锁手,定位
26748,Overjoy ★ OVERDOSE!!,IN Lv.14,14.9,15.37,0.47,0,0.11,纵连+锁手,硬抗
26795,私は雨,IN  Lv.13,13.4,13.55,0.15,0,0.14,锁手,综合
26808,ぜったい！昇天★鎮魂歌♂,IN Lv.16,16.4,16.41,0.01,0,0.06,底力+多押+变速+高BPM+纵连+位移+锁手,硬抗
27015,Hullbreaker,IN  Lv.12,12.5,11.38,-1.12,0,0.2,纵连+锁手,综合
2703,Sakura Fubuki,AT Lv.15,15.5,14.77,-0.73,0,0.13,楼梯+高速+纵连+锁手,读谱
27148,Error Code (VIP Mix),FM Lv.16+,16.7,17.16,0.46,1,0.14,楼梯+变速+纵连+锁手,硬抗
27234,無機質世界に彩を,SP Lv.?,15.8,15.19,-0.61,14,0.22,高速+锁手,硬抗
27238,Armageddon,「終」 Lv.16,16.3,17.21,0.91,24,0.22,高速+变速+纵连+位移+锁手,硬抗
27247,tarte de fruits,IN Lv.15,15.0,15.43,0.43,0,0.19,楼梯+纵连+锁手,综合
27250,空白とカタルシス,IN Lv.15,15.5,15.74,0.24,0,0.11,楼梯+高速+纵连+锁手,硬抗
27253,The Ghost,IN Lv.14,14.6,14.34,-0.26,0,0.19,锁手,定位
27282,Break Through Myself,EX  Lv.15,15.5,15.44,-0.06,0,0.19,多押+楼梯+变速+纵连+锁手,硬抗
27446,Growth Call,IN Lv.14,14.3,14.1,-0.2,0,0.13,楼梯+纵连+锁手,读谱
27552,Black Lotus,IN Lv.15,15.3,15.55,0.25,0,0.08,底力+楼梯+高速+变速+纵连+锁手+定轨,硬抗
27576,つよがるガール ,IN Lv.14,14.2,14.4,0.2,0,0.29,锁手,综合
27654,メディカドール,MI Lv.15,15.0,14.91,-0.09,0,0.23,纵连+锁手,读谱
27688,ベースラインやってる？笑,IN Lv.14,14.7,14.1,-0.6,0,0.13,锁手,定位
28167,DX超性能フルメタル少女,SP Lv.纵连打,16.2,17.41,1.21,40,0.22,高速+变速+纵连+锁手+定轨,硬抗
28269,《偏愛》~Shattered Memories,IN Lv.14,14.2,14.39,0.19,0,0.08,高速+纵连+锁手,硬抗
2843,Black Lotus,IN Lv.15,15.0,15.82,0.82,0,0.09,底力+高速+纵连+锁手,硬抗
28431,I I I,IN  Lv.14,14.7,15.06,0.36,0,0.11,楼梯+变速+纵连+锁手,综合
28438,またおいで,IN  Lv.12,12.2,9.69,-2.51,0,0.21,锁手,综合
288,Shore in the Rain,IN Lv.15,15.5,15.02,-0.48,0,0.22,底力+楼梯+高速+纵连+锁手,硬抗
28828,Gloomy Flash,IN Lv.14,14.0,14.13,0.13,0,0.12,楼梯+纵连+锁手,定位
29025,Up to 21℃,IN  Lv.?,14.5,14.75,0.25,0,0.12,楼梯+纵连+锁手,定位
29071,πevergod,IN Lv.16,16.0,15.44,-0.56,0,0.1,多押+楼梯+变速+锁手,硬抗
29074,喃喃萤火,SP Lv.13,13.0,14.17,1.17,0,0.19,楼梯+锁手,读谱
291,Plumes ~Phase Hope~,AT  Lv.15,15.0,16.52,1.52,0,0.07,底力+多押+高速+位移+锁手,定位
29180,ニニ,IN Lv.15,15.3,14.71,-0.59,0,0.11,楼梯+纵连+锁手,定位
29255,物凄いスペースシャトルでこいしが物凄いうた,AT Lv.15,15.9,16.44,0.54,54,0.08,变速+纵连+锁手,硬抗
2935,海神寓拝,IN Lv.13,13.0,14.05,1.05,0,0.19,锁手,定位
29558,MEGATON BLAST,IN Lv.15,15.2,16.04,0.84,0,0.13,底力+楼梯+高速+纵连+位移+锁手,定位
29578,Birds of Plague,AT Lv.17,17.1,17.19,0.09,4,0.06,底力+高速+纵连+位移+锁手,硬抗
29764,Xevel,IN Lv.15,15.6,15.8,0.2,0,0.03,底力+楼梯+高速+变速+纵连+锁手,定位
29782,甜甜饕餮糖糖,HD Candy Lv.13,13.0,10.36,-2.64,0,0.34,锁手,定位
300,骤雨の狭间,IN  Lv.15,15.4,15.96,0.56,0,0.11,底力+楼梯+高速+纵连+锁手,硬抗
30039,僕なんかいなくても,IN  Lv.14,14.2,13.81,-0.39,0,0.07,锁手,读谱
30220,モニタリング,IN  Lv.14,14.6,14.33,-0.27,0,0.11,锁手,读谱
30296,Super Fructose,IN Lv.14,14.4,13.99,-0.41,0,0.18,锁手,定位
30333,时间口口事件,WAW Lv.15,15.2,15.94,0.74,0,0.15,楼梯+变速+纵连+锁手,读谱
305,SILENT BLUE,IN Lv.15,15.5,15.95,0.45,0,0.1,底力+高速+纵连+锁手,硬抗
30513,Energizing Flame,IN Lv.15,15.9,15.71,-0.19,0,0.06,多押+变速+纵连+位移+锁手,硬抗
30698,みむかｩわナイストライ,ぬ  Lv.70,15.3,15.46,0.16,17,0.23,纵连+锁手,读谱
3075,Aulture,IN Lv.15,15.8,15.68,-0.12,0,0.05,高速+纵连+锁手,硬抗
30888,Polestar,Fm Lv.15,15.3,14.81,-0.49,7,0.28,楼梯+高速+锁手,硬抗
309,Mermaid girl-秋葉工房 MIX-,IN Lv.15,15.0,15.83,0.83,0,0.25,多押+变速+位移+锁手,硬抗
31906,Komplexe,IN Lv.14,14.8,14.85,0.05,0,0.1,高速+纵连+锁手,硬抗
32006,神圣之光 (Arklight),AT Lv.16,16.4,17.13,0.73,34,0.11,多押+楼梯+高速+变速+纵连+位移+锁手,硬抗
32011,Reverberate,IN Lv.15,15.8,15.58,-0.22,0,0.07,位移+锁手,硬抗
32080,夜風に吹かれて口笛を,IN Lv.13,13.9,14.05,0.15,0,0.12,锁手,定位
32097,Megameteor,AT Lv.17,17.4,17.48,0.08,56,0.19,底力+多押+楼梯+高速+变速+纵连+位移+锁手,硬抗
32553,Pictured as Perfect,AT Lv.15,15.9,16.79,0.89,16,0.13,纵连+锁手+定轨,硬抗
32628,Intruder,IN Lv.14,14.6,14.5,-0.1,0,0.09,楼梯+高速+纵连+锁手,硬抗
32957,KiLLKiSS,IN Lv.15,15.7,16.15,0.45,0,0.09,底力+多押+变速+纵连+位移+锁手,硬抗
32994,lost umbrella(yuigot Remix),lost,14.8,14.62,-0.18,0,0.12,锁手,读谱
33115,Super Fructose,IN Lv.14,14.5,14.6,0.1,0,0.25,锁手,硬抗
33370,B.B.K.K.B.K.K. (2023 Remake),AT Lv.15,15.6,16.41,0.81,1,0.09,底力+楼梯+高速+锁手,综合
33628,AINEED,IN Lv.14,14.7,14.96,0.26,0,0.11,变速+纵连+锁手,定位
34153,off-grid,IN Lv.15,15.0,14.61,-0.39,0,0.14,楼梯+锁手,定位
34249,Psychometry,IN Lv.14,14.0,15.16,1.16,0,0.05,变速+纵连+锁手,读谱
3433,患部で止まってすぐ溶ける ～ 狂気の優曇華院,IN  Lv.15,15.0,14.9,-0.1,0,0.09,多押+纵连+位移+锁手,硬抗
34408,[CRYSTAL_ACCESS],IN Lv.15,15.8,16.14,0.34,0,0.12,楼梯+高速+变速+纵连+锁手+定轨,硬抗
34550,テレパシ feat. 初音ミク,IN Lv.15,15.1,15.18,0.08,1,0.2,多押+锁手,定位
34579,Event Horizon,IN Lv.14,14.7,14.74,0.04,0,0.15,纵连+锁手,读谱
34580,mystique as iris,IN  Lv.15,15.8,15.27,-0.53,0,0.1,高速+变速+位移+锁手,硬抗
34582,Let you DIVE!,IN Lv.14,14.5,15.0,0.5,0,0.16,楼梯+锁手,硬抗
34584,Garakuta Doll Play,IN Lv.16+,16.8,16.66,-0.14,0,0.13,多押+变速+高BPM+纵连+位移+锁手,硬抗
34601,Light Of Love,IN Lv.15,15.3,15.2,-0.1,0,0.17,高速+纵连+锁手,硬抗
34607,スカーレット警察のゲットーパトロール24時,IN Lv.14,14.4,14.93,0.53,0,0.11,纵连+锁手,读谱
34645,The wheel to the right,AT Lv.16,16.7,16.98,0.28,65,0.21,多押+变速+纵连+位移+锁手,硬抗
34658,ミニ偏,AT Lv.15,15.1,14.33,-0.77,0,0.27,纵连+锁手,读谱
34679,テウメッサ,AT Lv.16,16.4,16.74,0.34,0,0.0,底力+高速+位移+锁手,定位
34772,ツムギボシ,IN Lv.15,15.1,15.22,0.12,0,0.13,楼梯+锁手+定轨,硬抗
3497,Wonderscape,IN Lv.13,13.0,13.93,0.93,0,0.13,锁手,硬抗
3503,88☆彡,IN Lv.14,14.0,14.24,0.24,0,0.11,锁手,定位
35161,Nijirate Fanatics,IN Lv.15,15.0,14.98,-0.02,0,0.11,纵连+锁手+定轨,硬抗
35829,「特殊作戦『デカグラマトン』編」Theme 2,SP Lv.?,15.9,14.51,-1.39,0,0.0,锁手,硬抗
35974,テトリス,IN Lv.15,15.2,14.86,-0.34,0,0.07,多押+楼梯+变速+位移+锁手,定位
36040,魔理沙は大変なものを盗んでいきました,SP Lv.避,16.5,11.39,-5.11,0,0.05,楼梯+变速+纵连+锁手+定轨,定位
36082,Up to 21°C,IN Lv.14,14.3,14.01,-0.29,0,0.09,锁手,定位
36155,Escape a Cyber City,IN Lv.15,15.4,15.58,0.18,0,0.07,楼梯+纵连+锁手,硬抗
36238,Doping Dance,IN Lv.15,15.0,15.93,0.93,0,0.11,多押+楼梯+变速+纵连+位移+锁手,硬抗
3632,ナイト・オブ・ナイツ (Cranky Remix),IN Lv.16,16.2,15.89,-0.31,0,0.12,多押+楼梯+变速+纵连+位移+锁手,硬抗
3636,MARENOL 1mg,AT Lv.15,15.3,16.09,0.79,0,0.04,底力+楼梯+变速+纵连+锁手,读谱
36418,Elusive Enforcer,IN Lv.15,15.4,15.27,-0.13,0,0.07,多押+楼梯+变速+纵连+锁手,硬抗
36719,Eternal Snow,IN Lv.14,14.8,13.84,-0.96,0,0.18,锁手,硬抗
36733,D/N/A,IN  Lv.15,15.3,14.66,-0.64,0,0.11,锁手,综合
36810,Alice in a xxxxxxxx,IN Lv.14,14.7,14.38,-0.32,0,0.07,纵连+锁手,读谱
3684,ネヴァモア,IN Lv.13,13.6,14.01,0.41,0,0.24,锁手,定位
3690,Recollect,IN Lv.12,12.0,12.42,0.42,0,0.13,纵连+锁手,读谱
37001,Death By Glamour,EX Lv.15,15.3,15.88,0.58,0,0.15,变速+纵连+锁手,硬抗
37051,Inverse Form VIP,IN Lv.15,15.6,14.71,-0.89,0,0.07,纵连+锁手,硬抗
37112,[A]ddiction,IN Lv.14,14.7,14.89,0.19,0,0.09,多押+楼梯+变速+纵连+锁手,硬抗
37193,颜,IN  Lv.15,16.0,15.38,-0.62,0,0.06,纵连+锁手,定位
37709,Nemexis,IN Lv.16,16.4,16.27,-0.13,0,0.07,底力+高速+变速+纵连+锁手,硬抗
38139,非実在系女子達はどうすりゃいいですか?,IN Lv.14,14.8,14.7,-0.1,0,0.08,高速+纵连+位移+锁手,定位
38289,徳川カップヌードル禁止令,IN Lv.15,15.6,14.3,-1.3,0,0.09,多押+楼梯+纵连+锁手,定位
38655,See You Move,IN  Lv.15,15.6,16.87,1.27,18,0.2,楼梯+高速+变速+纵连+位移+锁手,硬抗
38854,Lemon,IN Lv.13,13.8,13.07,-0.73,0,0.08,纵连+锁手,读谱
3895,Light of  Love,AT Lv.15,15.5,15.26,-0.24,0,0.13,多押+高速+纵连+锁手,定位
3912,qualia -ideaesthesia-,IN Lv.15,15.0,13.63,-1.37,0,0.34,锁手,读谱
393,アイデン貞貞メルトダウン,ONIMAI Lv.14,14.0,13.93,-0.07,0,0.15,多押+变速+位移+锁手,定位
3938,Head BONK Ache,AT Lv.16,16.2,15.71,-0.49,3,0.15,纵连+锁手,多指
3997,3rd Avenue,IN  Lv.13,13.0,13.12,0.12,0,0.18,多押+锁手,定位
4061,Mechanical Rhapsody,IN Lv.13,13.0,13.78,0.78,0,0.26,多押+锁手,硬抗
4083,Bl∞min',AT Lv.16,16.0,17.88,1.88,34,0.18,底力+高速+高BPM+位移+锁手,硬抗
40879,Island Breeze,IN Lv.13,13.8,13.97,0.17,0,0.29,锁手,硬抗
4103,即兴演出fReeStyLE,IN Lv.13,13.0,12.85,-0.15,0,0.12,楼梯+纵连+锁手,综合
41234,siren's eye,Tiebreaker Lv.17,17.6,18.13,0.53,33,0.15,底力+变速+纵连+锁手,定位
41265,Elusive Enforcer,IN Lv.16,16.2,15.64,-0.56,0,0.11,多押+楼梯+高速+变速+纵连+位移+锁手,硬抗
4155,Sterelogue,IN Lv.14,14.0,14.51,0.51,0,0.02,纵连+锁手,综合
4165,LubedeR,IN Lv.15,15.6,15.42,-0.18,0,0.12,高BPM+纵连+锁手,定位
41662,Brun-Brun,IN Lv.15,15.0,15.4,0.4,0,0.15,高速+纵连+锁手,硬抗
42010,ふたりのスタートボタン,IN Lv.13,13.4,13.46,0.06,0,0.19,锁手,硬抗
42017,全力ハッピーライフ,IN Lv.14,14.1,14.38,0.28,0,0.17,多押+锁手,定位
42248,ロータスイーター（feat.歌愛ユキ）,RM Lv.14,14.6,14.74,0.14,0,0.18,纵连+锁手,读谱
42655,Cryptarithm,IN Lv.16,16.0,15.43,-0.57,0,0.18,高速+锁手,硬抗
428,GOODMEGALO,IN  Lv.15,15.4,15.54,0.14,0,0.08,楼梯+纵连+锁手,硬抗
42880,DRE4M1N9,IN Lv.14,14.2,13.97,-0.23,0,0.13,纵连+锁手,读谱
4291,Absolute Terror,AT Lv.15,15.8,15.89,0.09,0,0.18,多押+楼梯+纵连+叠键+位移+锁手,定位
42988,with U,AT Lv.15,15.6,16.3,0.7,53,0.07,多押+变速+锁手,硬抗
43235,A Gleam for the Sightless,IN Lv.11,11.6,12.97,1.37,0,0.12,纵连+锁手,综合
43311,Cherry Pop (feat. 初音ミク),IN Lv.14,14.8,15.22,0.42,0,0.23,楼梯+纵连+锁手,定位
4334,Love U More,IN  Lv.15,15.2,14.81,-0.39,44,0.23,多押+楼梯+纵连+锁手,定位
43399,3rd Avenue,IN Lv.15,15.0,12.11,-2.89,0,0.16,锁手,定位
43467,Friend's Back,IN Lv.15,15.0,15.2,0.2,0,0.14,底力+高速+纵连+锁手,硬抗
43517,Challenger,IN Lv.16,16.6,15.59,-1.01,0,0.07,锁手,硬抗
43564,Lemegeton -little key of solomon-,IN Lv.16,16.6,16.72,0.12,0,0.07,底力+楼梯+高速+变速+纵连+位移+锁手+定轨,硬抗
43602,ΣmbryØ,IN  Lv.16,16.5,16.28,-0.22,0,0.05,底力+多押+楼梯+高速+变速+高BPM+纵连+位移+锁手+定轨,硬抗
43625,DANGEROOOOUS JUNGLE,IN Lv.16,16.2,16.76,0.56,0,0.09,底力+高速+纵连+位移+锁手,硬抗
43885,クウルッコ,AT Lv.16,16.9,17.15,0.25,0,0.05,底力+高速+变速+纵连+位移+锁手,硬抗
43988,Waking Shadows (feat. Eili),AT  Lv.18,18.5,18.32,-0.18,173,0.12,底力+多押+楼梯+高速+变速+纵连+位移+锁手,硬抗
44207,εxceζ,AT Lv.17,17.0,17.43,0.43,20,0.09,底力+多押+高速+变速+纵连+位移+锁手,硬抗
4421,Fine Logic,IN Lv.14,14.0,14.49,0.49,0,0.07,楼梯+纵连+锁手,定位
44477,つよがるガール feat. もっさ (ネクライトーキー) (TV Size),IN  Lv.15,15.8,14.8,-1.0,0,0.27,变速+高BPM+锁手,定位
4493,Good Life,IN  Lv.15,15.0,14.65,-0.35,0,0.19,多押+纵连+位移+锁手,读谱
4497,Drifters,IN  Lv.14,14.9,14.47,-0.43,0,0.06,锁手,硬抗
44987,eyes in the water,SV Lv. ◉,15.8,14.47,-1.33,0,0.07,高BPM+纵连+锁手,综合
450,Secret Lie,IN Lv.14,15.0,14.75,-0.25,0,0.14,纵连+锁手,定位
45062,だんだん早くなる,AT  Lv.14,14.6,13.22,-1.38,0,0.33,锁手,定位
45225,ƒƒƒƒƒ,AT  Lv.15,15.9,15.62,-0.28,0,0.0,底力+位移+锁手,硬抗
45255,Cult Future,IN Lv.15,15.9,15.23,-0.67,0,0.05,高速+锁手,硬抗
45964,天灵灵地灵灵,IN Lv.15,15.6,15.52,-0.08,0,0.13,高速+变速+纵连+锁手,硬抗
45977,Sayonara Hatsukoi,IN Lv.15,15.0,13.74,-1.26,0,0.27,锁手,综合
46017,3rd Avenue,SP  Lv.？,13.8,14.04,0.24,0,0.18,锁手,定位
4609,Quon,IN Lv.14,14.2,14.17,-0.03,0,0.12,纵连+锁手,综合
46108,憑いている (feat. 初音ミク),IN Lv.14,14.7,14.78,0.08,0,0.15,高速+纵连+锁手,读谱
46228,Submerged City,AT  Lv.18,18.0,17.87,-0.13,74,0.13,底力+多押+楼梯+高速+变速+纵连+位移+锁手,硬抗
46230,Splash Dance!!,AT Lv.15,15.6,14.96,-0.64,3,0.09,高速+锁手,定位
46231,寄明月,IN Lv.13,13.1,10.36,-2.74,0,0.49,楼梯+锁手,读谱
46236,thrinos;pygmalion,AT Lv.15,15.0,16.16,1.16,0,0.12,楼梯+变速+纵连+锁手,硬抗
46237,动感方块,IN Lv.13,13.7,14.28,0.58,0,0.1,楼梯+锁手,硬抗
46248,T+ VS SHARK,IN Lv.15,15.7,16.26,0.56,0,0.12,多押+楼梯+变速+纵连+位移+锁手,定位
46253,Theatore Creatore,IN  Lv.15,15.8,16.4,0.6,0,0.1,底力+楼梯+高速+纵连+锁手,硬抗
46374,eastward,IN Lv.15,15.5,15.65,0.15,0,0.08,多押+高速+位移+锁手,硬抗
46403,Crossmythos Rhapsodia,AT  Lv.18,18.1,18.07,-0.03,49,0.13,底力+多押+楼梯+高速+变速+纵连+位移+锁手,硬抗
46418,MORNINGLOOM,IN Lv.16,16.2,16.11,-0.09,0,0.17,纵连+锁手,读谱
4649,SILENT BLUE,AT Lv.15,15.6,15.66,0.06,0,0.16,底力+高速+纵连+锁手,硬抗
4656,What's up? Pop!,IN Lv.15,16.3,16.2,-0.1,0,0.09,底力+楼梯+高速+变速+纵连+位移+锁手,硬抗
4662,Quantum Conversation,IN  Lv.14,14.8,14.93,0.13,0,0.2,多押+位移+锁手,定位
46688,アナタニナルノ,IN  Lv.14,14.4,14.17,-0.23,0,0.13,楼梯+锁手,硬抗
46820,ピュグマリオンの咒文,IN Lv.15,15.2,15.49,0.29,0,0.13,楼梯+纵连+锁手,硬抗
4686,即兴演出 fReeStyLE,AT Lv.16,16.2,15.24,-0.96,0,0.08,楼梯+变速+纵连+锁手,读谱
46927,Splash Dance!!,IN Lv.14,14.2,14.48,0.28,0,0.13,锁手,定位
46929,ムリムリ進化論 (Anime Size),IN Lv.15,15.0,14.76,-0.24,0,0.17,多押+锁手,硬抗
47009,VS RENDA,IN Lv.15,15.8,16.13,0.33,0,0.13,底力+多押+高速+变速+纵连+位移+锁手,硬抗
47264,Feeling Blue,AT Lv.16,16.7,16.94,0.24,43,1.0,多押+锁手,硬抗
47497,Submerged City,IN Lv.16,16.3,16.43,0.13,1,0.08,底力+楼梯+高速+纵连+锁手,硬抗
47579,愛属性(feat.初音ミク),IN Lv.14,14.7,15.02,0.32,0,0.13,纵连+锁手,读谱
47726,Ultimate Shot - To Cosmos,IN  Lv.16,16.1,15.83,-0.27,0,0.1,高速+纵连+锁手,硬抗
48,Muspelheim,AT,16.3,17.1,0.8,23,0.09,底力+高速+变速+纵连+位移+锁手,定位
48187,Scars of FAUNA,IN Lv.14,14.7,14.64,-0.06,0,0.1,楼梯+锁手,定位
48339,迷星叫（Mayoiuta）,IN Lv.15,15.5,15.35,-0.15,0,0.04,多押+楼梯+变速+纵连+位移+锁手+定轨,定位
4838,MARENOL 1mg,MG Lv.14,14.0,14.94,0.94,0,0.17,底力+纵连+锁手,硬抗
48457,siren's eye,IN Lv.16,16.8,17.0,0.2,0,0.07,底力+高速+变速+高BPM+纵连+锁手,硬抗
4861,Surasthana Fantasia 净善的遐歌,"IN Lv.13
",13.0,13.2,0.2,0,0.12,楼梯+纵连+锁手,读谱
48775,DEUS_X_MACHINE,Fm Lv.16,16.0,16.86,0.86,0,0.07,楼梯+变速+高BPM+纵连+锁手,综合
48842,Stuckmoth feat. Hatsune Miku,IN  Lv.15,15.3,15.27,-0.03,33,0.24,纵连+锁手,综合
49073,とげとげサディスティック,IN Lv.11,11.5,12.64,1.14,0,0.26,锁手,综合
4909,Angelic Layer,IN Lv.14,14.5,14.88,0.38,0,0.01,锁手,硬抗
49274,MVURBD,IN Lv.15,15.5,15.89,0.39,0,0.08,底力+楼梯+高速+纵连+锁手,硬抗
49398,孤独に生きる者,AT Lv.13,13.0,13.17,0.17,0,0.04,纵连+锁手,综合
49434,Overhea [r] t,IN Lv.16,16.2,16.24,0.04,0,0.09,底力+高速+纵连+锁手,硬抗
4972,音速宇宙旅行,IN Lv.15,15.0,15.83,0.83,0,0.08,底力+高速+高BPM+纵连+位移+锁手,硬抗
49806,Sakura Fubuki,IN  Lv.15,15.1,14.17,-0.93,0,0.07,楼梯+高速+纵连+锁手+定轨,定位
49893,warning@sleeping,IN Lv.14,14.6,14.74,0.14,0,0.18,楼梯+高BPM+纵连+锁手+定轨,硬抗
49985,Brightness,IN  Lv.15,15.1,15.41,0.31,2,0.14,楼梯+高速+变速+纵连+锁手,硬抗
50040,blender,IN Lv.13,13.2,14.36,1.16,0,0.34,纵连+锁手,读谱
50299,INTERCELL_LAUNCH_1.0,IN Lv.☐,15.9,14.84,-1.06,0,0.03,纵连+锁手,读谱
50310,「IRIS OUT」,IN  Lv.15,15.4,14.99,-0.41,0,0.11,楼梯+纵连+锁手,综合
50489,Hall of Mirrors,IN Lv.13,13.4,13.37,-0.03,0,0.33,楼梯+纵连+锁手,综合
5051,ULTRA SYNERGY MATRIX,IN Lv.15,15.3,15.37,0.07,0,0.08,多押+高速+变速+叠键+位移+锁手,硬抗
50558,キュートなカノジョ (Cover),IN Lv.14,14.9,15.31,0.41,0,0.13,高速+锁手,硬抗
5056,Deceiver,IN Lv.15,15.0,16.08,1.08,0,0.11,底力+高速+位移+锁手,硬抗
50670,もってけ!セーラーふく,IN Lv.14,14.8,14.63,-0.17,0,0.1,锁手,硬抗
50752,神威,IN Lv.16,16.2,16.13,-0.07,0,0.12,纵连+位移+锁手,硬抗
50789,深圳东,AT  Lv.16,16.5,17.22,0.72,15,0.05,高速+纵连+锁手,硬抗
50795,SYSTEM REBOOTING,IN Lv.15,15.9,16.15,0.25,0,0.19,楼梯+变速+纵连+锁手+定轨,读谱
5117,Helios,IN Lv.15,15.8,15.59,-0.21,0,0.15,多押+变速+纵连+位移+锁手+定轨,硬抗
5136,Lastoria,IN Lv.15,15.5,15.72,0.22,0,0.07,多押+楼梯+高速+纵连+位移+锁手,硬抗
51542,-SURREALISM-,ReBirth Lv.14,14.8,14.71,-0.09,0,0.13,楼梯+纵连+锁手,定位
51922,Power Attack,IN Lv.15,15.5,15.99,0.49,0,0.12,多押+楼梯+变速+纵连+位移+锁手,硬抗
5203,ULTRA SYNERGY MATRIX,IN Lv.15,15.0,15.24,0.24,0,0.1,多押+高速+变速+纵连+位移+锁手,硬抗
52161,BlazinG AIR,AT Lv.16,16.3,17.3,1.0,11,0.09,楼梯+变速+位移+锁手,硬抗
52307,Ultimate Force,IN  Lv.16+,16.8,16.98,0.18,0,0.19,底力+多押+楼梯+变速+高BPM+纵连+锁手,硬抗
52317,This Future(We didn't expect),IN Lv.15,15.0,15.49,0.49,0,0.13,楼梯+变速+纵连+锁手+定轨,硬抗
52598,参宿四~Betelgeuse~,IN Lv.15,15.2,14.89,-0.31,0,0.24,底力+高速+锁手,定位
52749,Computer Cornflakes,IN Lv.16,16.4,16.53,0.13,0,0.2,底力+高BPM+纵连+锁手,硬抗
52804,Greatness Earth,IN  Lv.15,15.2,15.06,-0.14,0,0.09,多押+楼梯+变速+锁手+定轨,硬抗
54065,Leave it to Fate,IN Lv.15,15.4,15.59,0.19,0,0.19,纵连+锁手,硬抗
54134,Unveil,IN Lv.14,14.2,13.98,-0.22,0,0.11,楼梯+锁手+定轨,综合
54187,私は、わたしの事が好き(Extended ver),IN Lv.15,15.5,15.49,-0.01,0,0.12,多押+楼梯+变速+纵连+锁手,定位
54336,SLASH,IN Lv.16,16.0,16.78,0.78,7,0.15,底力+楼梯+变速+纵连+锁手,硬抗
54601,7 Wonders,AT  Lv.16,16.0,16.39,0.39,0,0.15,底力+楼梯+高速+锁手+定轨,硬抗
54604,Crush the Dystopia,IN Lv.16,16.5,16.67,0.17,0,0.09,底力+高速+变速+纵连+位移+锁手,硬抗
54631,ARIGA THESIS,IN  Lv.14,14.5,14.76,0.26,0,0.12,纵连+锁手,硬抗
54664,青苹果乐园,IN  Lv.13,13.4,13.43,0.03,0,0.09,纵连+锁手,读谱
54684,す、好きなんかじゃない！,IN  Lv.14,14.2,14.13,-0.07,0,0.2,锁手,定位
54724,伊天珀凌,IN Lv.15,15.5,15.54,0.04,0,0.18,楼梯+高速+纵连+锁手,硬抗
54729,涙色の狂愛,IN Lv.16,16.1,16.13,0.03,0,0.1,高速+纵连+位移+锁手,硬抗
54747,夜的第七章,AT  Lv.16,16.3,16.76,0.46,53,0.17,多押+锁手,定位
54761,怨撃,IN Lv.15,15.8,15.44,-0.36,0,0.18,多押+变速+高BPM+锁手,定位
54920,差不多得了,"FM Lv.16
",16.0,15.02,-0.98,0,0.09,楼梯+变速+锁手,读谱
54948,Takoyaki-Rave Bomber,IN  Lv.15,15.5,15.5,-0.0,0,0.12,高速+纵连+锁手,硬抗
54958,Summoning 101,IN Lv.15,15.3,14.76,-0.54,0,0.07,多押+锁手,定位
55000,チルノのパーフェクトさんすう学園,IN Lv.15,15.4,15.93,0.53,0,0.02,楼梯+变速+纵连+锁手+定轨,拆谱
55024,チルノのパーフェクトさんすう教室  ⑨周年バージョン,IN  Lv.14,14.9,15.52,0.62,0,0.15,楼梯+高速+纵连+锁手,硬抗
55026,Black：Magnam,IN Lv.14,14.7,14.75,0.05,0,0.14,锁手,硬抗
55028,鳥の詩,IN Lv.15,15.1,15.21,0.11,0,0.18,锁手,定位
55094,〚回帰〛 ～Scherzo ~フォルトゥーナの悪戯~,IN Lv.15,15.7,15.88,0.18,0,0.08,多押+位移+锁手+定轨,硬抗
55106,βlαnoir,IN Lv.15,15.8,16.02,0.22,0,0.09,底力+高速+纵连+锁手,硬抗
55118,劇場版『マージナル*フロンティア』,IN Lv.14,14.0,14.5,0.5,0,0.11,纵连+锁手,读谱
55123,Peer Gynt,IN Lv.14,14.3,14.11,-0.19,0,0.37,楼梯+锁手,读谱
55160,Give (Me) Your Love,IN  Lv.15,15.1,15.38,0.28,0,0.07,楼梯+高速+纵连+锁手,硬抗
5518,Apollo,HD Lv.12,12.0,12.66,0.66,0,0.11,高BPM+纵连+锁手+定轨,读谱
55199,SUPER AMBULANCE,IN  Lv.15,15.5,15.64,0.14,0,0.18,楼梯+纵连+锁手,定位
55205,Alea jacta est!,IN Lv.16,16.2,16.03,-0.17,0,0.06,高速+变速+纵连+位移+锁手,硬抗
55213,See you next time!,IN Lv.13,13.1,12.94,-0.16,0,0.13,纵连+锁手,读谱
55242,ヒバナ -Reloaded-,IN  Lv.15,15.2,16.09,0.89,0,0.1,多押+楼梯+变速+纵连+位移+锁手,硬抗
55360,Przepływ światła,IN Lv.14,14.7,14.54,-0.16,0,0.19,楼梯+锁手+定轨,综合
5537,Don't Fight The Music,AT Lv.16,16.1,16.94,0.84,49,0.06,底力+变速+位移+锁手,硬抗
55375,STARCRASHERS,IN  Lv.15,15.6,16.01,0.41,12,0.12,多押+楼梯+变速+纵连+叠键+锁手,硬抗
55653,Midnight Flux,IN Lv.14,14.2,14.09,-0.11,0,0.11,锁手,综合
5576,Crush BETA,MY  Lv.15,14.7,14.78,0.08,0,0.06,多押+位移+锁手,硬抗
5602,Unleashed World,AT Lv.16,16.0,16.86,0.86,0,0.15,底力+高速+高BPM+纵连+锁手,硬抗
56426,route:REFLECTION,IN Lv.15,15.6,15.56,-0.04,0,0.19,楼梯+纵连+锁手,硬抗
56452,MELT*DOWN,IN Lv.15,15.7,15.76,0.06,0,0.15,楼梯+高BPM+纵连+锁手,定位
56494,迷幻音浪,FM  Lv.15,15.0,14.54,-0.46,0,0.04,多押+楼梯+变速+纵连+锁手+定轨,读谱
566,廻り巡る,IN  Lv.16,16.1,15.89,-0.21,0,0.09,底力+高BPM+纵连+锁手,硬抗
570,ティアドロップス(Tear Drops),IN Lv.14,14.0,14.96,0.96,0,0.11,多押+锁手,定位
57046,エタニクル,IN Lv.14,14.1,14.27,0.17,0,0.15,纵连+锁手,读谱
57086,携帯恋話 (feat. 東雲絵名&暁山瑞希&初音ミク),IN  Lv.14,14.3,14.43,0.13,0,0.16,锁手,定位
57166,Crescent,IN Lv.15,15.6,15.81,0.21,0,0.11,纵连+锁手,硬抗
57395,リテラチュア,IN  Lv.12,12.9,12.3,-0.6,0,0.2,锁手,读谱
580,cyanine,IN Lv.14,14.0,15.29,1.29,0,0.07,纵连+锁手,硬抗
58776,Good Boy,AT Lv.15,15.5,14.4,-1.1,0,0.23,楼梯+纵连+锁手,定位
59034,燦々,IN  Lv.15,15.6,15.85,0.25,0,0.13,楼梯+变速+纵连+位移+锁手,硬抗
59064,ずんどこ☆どんどんどーん！,IN Lv.15,15.6,16.1,0.5,0,0.15,底力+多押+变速+纵连+位移+锁手,硬抗
5924,Boss Rush,IN Lv.15,15.5,14.9,-0.6,0,0.09,多押+楼梯+变速+纵连+锁手,硬抗
59458,斷劍の獄,IN  Lv.15,15.1,15.73,0.63,0,0.04,底力+楼梯+高速+纵连+锁手,定位
5961,IMPACT,IN  Lv.15,15.0,16.33,1.33,0,0.07,多押+楼梯+变速+纵连+位移+锁手,硬抗
59759,All Eyes on Me,IN Lv.14,14.4,14.8,0.4,0,0.18,楼梯+纵连+锁手,硬抗
6080,Kyubi,IN  Lv.15,15.5,15.26,-0.24,0,0.16,纵连+位移+锁手,定位
6083,鸳鸯债,IN Lv.14,14.0,13.66,-0.34,0,0.19,楼梯+锁手,综合
61881,Love Para,IN Lv.15,15.0,15.96,0.96,0,0.12,高速+锁手,硬抗
6243,Bigroom Never Dies,IN Lv.14,14.5,14.37,-0.13,109,0.16,多押+锁手,定位
6344,九龍霓虹街,AT Lv.16,16.0,16.3,0.3,1,0.17,多押+楼梯+高速+纵连+位移+锁手,定位
6375,Flashkick(Juggernaut. Remix),IN  Lv.15,15.0,15.74,0.74,0,0.09,楼梯+纵连+锁手,硬抗
638,アイドル(Idol),IN Lv.14,14.7,15.06,0.36,0,0.13,多押+位移+锁手,定位
6407,Catalinésie,IN Lv.15,15.0,16.5,1.5,0,0.09,底力+高速+高BPM+纵连+锁手+定轨,硬抗
6445,WE ARE HARDCORE,IN Lv.15+,16.0,16.08,0.08,1,0.12,底力+多押+高速+变速+纵连+锁手,硬抗
6519,NULCTRL,AT Lv.15,15.3,16.85,1.55,37,0.13,楼梯+纵连+锁手,读谱
6600,Requiem Cataclysm,IN Lv.15,15.0,16.11,1.11,0,0.1,多押+变速+高BPM+纵连+位移+锁手,硬抗
66012,ABYSS MOTION 192.333,IN  Lv.14,14.4,14.88,0.48,0,0.11,楼梯+纵连+锁手,硬抗
6602,強風オールバック（Cover:鹿乃ちゃん）,IN Lv.13,13.0,14.34,1.34,0,0.16,楼梯+锁手,综合
66661,"Help me, ERINNNNNN!!",IN Lv.16,16.4,16.65,0.25,0,0.06,底力+楼梯+高速+变速+纵连+锁手+定轨,定位
67280,Climax,IN Lv.15,15.0,15.33,0.33,0,0.14,楼梯+纵连+锁手+定轨,硬抗
6755,mystique as iris,IN Lv.15,15.8,16.09,0.29,0,0.12,楼梯+高速+变速+纵连+叠键+位移+锁手+定轨,硬抗
6766,sølips,IN Lv.15,15.8,16.29,0.49,0,0.14,底力+楼梯+高速+纵连+锁手,硬抗
6817,Lostwizz,IN  Lv.15,15.9,15.49,-0.41,0,0.09,多押+高速+变速+纵连+锁手,硬抗
6823,Power Attack,IN Lv.14,14.6,15.35,0.75,0,0.17,多押+纵连+位移+锁手,硬抗
68249,神鳴,IN Lv.16,16.3,17.03,0.73,2,0.1,底力+楼梯+高速+变速+纵连+锁手,定位
6882,R.I.P.,IN Lv.14,14.0,15.4,1.4,0,0.1,纵连+锁手,硬抗
692,Era Breath,AT  Lv.16,16.9,16.96,0.06,35,0.07,多押+高速+变速+纵连+位移+锁手,硬抗
6938,Binary Wonderland,IN  Lv.15,15.8,15.25,-0.55,0,0.1,底力+多押+高速+变速+位移+锁手,硬抗
6943,無機質世界に彩を,IN Lv.14,14.0,14.62,0.62,0,0.12,高速+纵连+锁手,定位
6949,Quattro Elements Dimiourgia,IN  Lv.16,16.3,15.7,-0.6,0,0.11,高速+变速+纵连+位移+锁手,硬抗
6954,-1,AT Lv.16,16.0,16.97,0.97,22,0.13,多押+高速+变速+位移+锁手,硬抗
6982,Contrapasso -paradiso-,IN Lv.16,16.2,16.46,0.26,0,0.08,多押+变速+高BPM+纵连+位移+锁手,硬抗
69957,REGEN,IN  Lv.15,15.7,16.25,0.55,0,0.12,底力+楼梯+高速+变速+纵连+锁手,硬抗
69967,缄色症候,IN  Lv.15,15.1,14.91,-0.19,0,0.14,楼梯+纵连+锁手,综合
6997,Dandelion's Daydream,IN Lv.14,14.2,14.23,0.03,0,0.14,锁手,定位
7102,Emergency2,WAW Lv.15,15.0,15.89,0.89,0,0.13,高速+纵连+位移+锁手,硬抗
7104,火狐之舞,AT Lv.16,16.0,17.51,1.51,62,0.09,底力+多押+高速+变速+高BPM+位移+锁手,硬抗
7116,Necroxus,AT Lv.16,16.0,17.23,1.23,17,0.15,底力+多押+变速+高BPM+纵连+位移+锁手,硬抗
713,Le Porteur d'Ombre,IN Lv.15,15.9,16.41,0.51,0,0.05,多押+变速+高BPM+纵连+位移+锁手+定轨,硬抗
7210,Ever Free,IN Lv.14,14.9,15.79,0.89,70,0.04,多押+变速+锁手,定位
7364,俗物フェスティバル,IN Lv.15,15.0,15.62,0.62,0,0.06,多押+纵连+锁手,硬抗
7386,Spider's Thread,AT Lv.16,16.2,16.64,0.44,0,0.1,底力+楼梯+高速+读谱+纵连+位移+锁手+定轨,硬抗
7418,ドーピングダンス (亢奋剂舞),MI Lv.15,15.0,15.04,0.04,0,0.07,多押+楼梯+变速+纵连+位移+锁手,定位
7479,RE Aoharu,IN Lv.14,14.7,14.57,-0.13,0,0.14,读谱+锁手,定位
7480,Sense,Uplifting Lv.13,13.0,14.16,1.16,0,0.2,楼梯+锁手,硬抗
7516,Bathin,AT  Lv.17,17.5,17.43,-0.07,112,0.24,底力+多押+变速+位移+锁手,硬抗
754,Shin Takarajima Elevator,Waiting - IN 11,11.0,8.57,-2.43,0,0.02,锁手,定位
755,マシンガンポエムドール,AT Lv.16,16.0,16.51,0.51,0,0.06,底力+高速+高BPM+纵连+位移+锁手,硬抗
7593,Saintelmo,IN  Lv.15,15.0,16.59,1.59,0,0.12,底力+高速+读谱+纵连+叠键+位移+锁手,硬抗
7597,猫祭り,IN Lv.14,14.7,14.91,0.21,0,0.14,楼梯+锁手,综合
7609,Beyond the Horizon,IN Lv.14,14.0,14.97,0.97,0,0.07,高速+锁手,定位
7645,BIKE,IN  Lv.14,14.0,14.85,0.85,0,0.03,楼梯+锁手,定位
7687,A Gleam For The Sightless,IN Lv.13,13.0,13.01,0.01,0,0.09,纵连+锁手,综合
7707,Annihilation in F# Minor,EX Lv.17,17.7,17.9,0.2,28,0.07,底力+多押+楼梯+高速+变速+纵连+位移+锁手,硬抗
771,Dice 20,IN Lv.14,14.0,14.31,0.31,0,0.13,锁手,硬抗
7773,魑魅魍魉,IN Lv.15,15.0,16.28,1.28,14,0.14,楼梯+纵连+位移+锁手,硬抗
7906,Unreal Veil,IN Lv.14,14.9,14.8,-0.1,0,0.08,多押+位移+锁手,定位
8034,Phoebus,AT Lv.15,15.0,15.71,0.71,0,0.07,高速+锁手,硬抗
8120,瞑々,IN Lv.15,15.0,13.96,-1.04,0,0.23,锁手,读谱
8127,Prism Fountain,IN Lv.15,15.4,15.82,0.42,0,0.14,底力+高速+纵连+锁手,硬抗
8176,神っぽいな,IN  Lv.15,15.0,14.84,-0.16,0,0.15,纵连+锁手,读谱
8290,GALACTIC WARZONE,AT Lv.16,16.0,17.0,1.0,5,0.08,多押+高速+变速+纵连+位移+锁手,硬抗
8340,Bad Gateway,IN  Lv.15,15.0,15.02,0.02,0,0.04,楼梯+纵连+锁手,定位
8354,See Chaos,IN  Lv.15,15.7,15.63,-0.07,0,0.09,高速+变速+纵连+锁手+定轨,硬抗
8385,小雨,IN Lv.13,13.0,9.89,-3.11,0,0.1,锁手,综合
8430,太陽系デスコ,IN  Lv.14,14.0,14.33,0.33,0,0.11,多押+楼梯+位移+锁手,硬抗
8483,8-EM,IN  Lv.15,16.1,15.42,-0.68,0,0.14,高速+纵连+锁手,硬抗
8489,FRIEND,IN Lv.15,15.0,15.97,0.97,0,0.1,底力+多押+位移+锁手,硬抗
8523,ぱくぱく☆がーる,IN Lv.13,13.6,14.29,0.69,0,0.16,纵连+锁手,读谱
8565,Remember Our Summer,IN  Lv.12,12.0,13.24,1.24,0,0.05,锁手,读谱
8597,Quon,AT Lv.16,16.0,16.69,0.69,41,0.1,多押+高速+纵连+位移+锁手,硬抗
8641,夏天幻游日记,warm Lv.13,13.0,14.16,1.16,0,0.2,锁手,定位
8706,寄明月,IN Lv.13,13.0,13.61,0.61,0,0.17,锁手,综合
8715,Lunation,IN  Lv.15,15.2,14.44,-0.76,0,0.05,高BPM+纵连+锁手,综合
8717,夜明けまであと3秒,IN Lv.14,14.0,14.38,0.38,0,0.18,纵连+锁手,硬抗
8722,MIDNIGHT(VIP),IN Lv.14,14.6,14.04,-0.56,0,0.25,纵连+锁手,硬抗
8723,Midnight Challenge,IN  Lv.14,14.0,14.54,0.54,0,0.13,锁手,定位
8734,Own The Night,IN Lv.15,15.0,15.28,0.28,61,0.11,多押+位移+锁手,定位
8742,求婚,IN  Lv.15,15.3,15.13,-0.17,0,0.19,纵连+锁手,读谱
8751,Valsqotch,AT Lv.15,15.7,16.39,0.69,0,0.14,高速+变速+锁手,拆谱
8769,NightTheater,IN Lv.15,15.0,14.93,-0.07,0,0.04,高速+读谱+纵连+位移+锁手,硬抗
877,Lanterns,IN Lv.13,13.0,14.0,1.0,10,0.01,读谱+锁手,定位
8776,Auzof Ctrl,IN Lv.14,14.6,14.88,0.28,0,0.48,锁手,定位
8825,lost umbrella(yuigot Remix),IN  Lv.13,13.0,14.1,1.1,0,0.2,锁手,硬抗
8967,黑夜,AT  Lv.17,17.3,17.91,0.61,81,0.18,底力+多押+楼梯+纵连+位移+锁手,硬抗
9,Wizdomiot,IN Lv.15,15.4,15.47,0.07,0,0.04,底力+高速+纵连+锁手,硬抗
9064,R'N'R Monsta,IN  Lv.15,15.9,15.33,-0.57,0,0.05,高BPM+纵连+锁手,硬抗
9066,FRIEND,HD Lv.11,11.0,10.28,-0.72,0,0.15,纵连+锁手,读谱
9068,はげしこの夜 -Psylent Crazy Night-,IN Lv.15,15.0,15.74,0.74,0,0.15,底力+纵连+锁手,硬抗
9069,Night thea+er Etude,AT Lv.15,15.0,15.54,0.54,0,0.1,高速+纵连+位移+锁手,综合
9072,Selenadia,IN Lv.15,15.9,16.95,1.05,8,0.15,底力+多押+楼梯+高速+变速+高BPM+纵连+位移+锁手+定轨,定位
9076,Blackest Luxury Car,IN Lv.14,14.0,14.66,0.66,0,0.15,纵连+锁手,定位
909,ウミユリ海底谭,IN Lv.14,14.0,13.89,-0.11,0,0.17,多押+锁手,定位
9112,熱帯夜の祭り,IN  Lv.13,13.0,13.73,0.73,0,0.21,锁手,定位
9362,World Vanquisher,AT Lv.16,16.2,17.52,1.32,87,0.25,底力+多押+楼梯+高速+变速+位移+锁手,硬抗
9412,NULCTRL,SP Lv.?,15.5,14.68,-0.82,10,0.04,楼梯+纵连+锁手+定轨,定位
9414,鬼媒,IN Lv.14,14.7,14.52,-0.18,0,0.09,楼梯+纵连+锁手,定位
9455,Dizzolve,IN Lv.15,15.0,15.33,0.33,0,0.03,高速+纵连+位移+锁手+定轨,硬抗
9545,Slyness Foxx,IN Lv.14,14.0,14.59,0.59,0,0.13,纵连+锁手,硬抗
9556,The Nightscape,IN Lv.14,14.6,14.35,-0.25,0,0.19,纵连+锁手,综合
9614,Arcade ViruZ,1N Lv.15,15.2,15.13,-0.07,0,0.13,高速+纵连+锁手+定轨,硬抗
9622,Faster,IN Lv.15,15.2,15.01,-0.19,0,0.11,高速+纵连+锁手,硬抗
9624,竹,AT Lv.16,16.1,16.08,-0.02,0,0.11,多押+纵连+位移+锁手,硬抗
963,Amnéhilesie,IN Lv.16,16.0,16.35,0.35,0,0.08,底力+高速+高BPM+锁手,硬抗
9668,The Last Page,IN Lv.15,15.4,15.39,-0.01,0,0.08,底力+高速+锁手,定位
9739,Elemental Ethnic,IN Lv.14,14.9,14.96,0.06,0,0.17,高速+纵连+锁手,硬抗
9744,I,AT Lv.16,16.2,17.32,1.12,84,0.33,多押+高速+变速+高BPM+纵连+位移+锁手+定轨,读谱
9843,叛逆のキャスタウェイ,IN Lv.16,16.2,15.7,-0.5,0,0.24,底力+高速+纵连+锁手,硬抗
9856,Catalinésie,RE Lv.17,17.6,17.47,-0.13,51,0.08,底力+多押+高速+高BPM+位移+锁手,硬抗
9863,Magical Panic Adventure,IN Lv.16,16.7,16.86,0.16,0,0.24,底力+楼梯+变速+高BPM+纵连+位移+锁手+定轨,定位
9882,snooze,IN Lv.14,14.0,14.97,0.97,0,0.19,锁手,综合
989,MARENOL,AT Lv.15,15.6,15.78,0.18,0,0.09,纵连+锁手,硬抗
9918,SapphirE,IN Lv.14,14.0,14.28,0.28,0,0.28,纵连+锁手,硬抗
9962,8bit Adventurer,IN Lv.15,15.3,15.09,-0.21,0,0.09,纵连+锁手,硬抗
