谱面,难度,GB,Boost,预测,误差
000AinSophAur.Yumeji.0,2.5,2.163,0.339,2.503,0.003
000AinSophAur.Yumeji.0,8.4,8.071,0.293,8.364,-0.036
000AinSophAur.Yumeji.0,14.4,13.699,0.698,14.398,-0.002
996.李化禹.0,4.0,3.574,0.44,4.013,0.013
996.李化禹.0,9.4,8.923,0.492,9.415,0.015
996.李化禹.0,14.7,13.398,1.302,14.7,-0.0
AbsoluTedisoRdeR.AcuteDisarray.0,6.5,5.523,0.984,6.507,0.007
AbsoluTedisoRdeR.AcuteDisarray.0,12.4,11.175,1.224,12.398,-0.002
AbsoluTedisoRdeR.AcuteDisarray.0,16.3,14.53,1.774,16.304,0.004
AbsoluTedisoRdeR.AcuteDisarray.0,17.2,13.907,3.293,17.2,-0.0
ABYSSMOTION192333.ariiolTSAR奏Sou.0,4.0,3.74,0.265,4.005,0.005
ABYSSMOTION192333.ariiolTSAR奏Sou.0,9.8,9.371,0.451,9.821,0.021
ABYSSMOTION192333.ariiolTSAR奏Sou.0,14.7,13.671,1.045,14.715,0.015
Adastraperaspera.RabbitHouse.0,6.5,5.875,0.659,6.534,0.034
Adastraperaspera.RabbitHouse.0,12.1,11.269,0.831,12.1,0.0
Adastraperaspera.RabbitHouse.0,16.3,14.489,1.797,16.286,-0.014
AfterDawn.S9ryne.0,3.0,2.519,0.49,3.009,0.009
AfterDawn.S9ryne.0,10.4,9.795,0.6,10.395,-0.005
AfterDawn.S9ryne.0,15.3,13.698,1.598,15.296,-0.004
AfterZABANIYAMUGEdit.Daily天利.0,5.0,4.608,0.404,5.012,0.012
AfterZABANIYAMUGEdit.Daily天利.0,10.2,9.596,0.59,10.186,-0.014
AfterZABANIYAMUGEdit.Daily天利.0,15.6,13.995,1.611,15.606,0.006
Ajourneytothemoonlight.Yesod.0,4.5,4.107,0.405,4.512,0.012
Ajourneytothemoonlight.Yesod.0,10.7,10.169,0.527,10.696,-0.004
Ajourneytothemoonlight.Yesod.0,14.5,13.266,1.247,14.513,0.013
Alb.Avans.0,3.5,3.135,0.38,3.515,0.015
Alb.Avans.0,8.9,8.254,0.653,8.908,0.008
Alb.Avans.0,14.7,13.712,0.969,14.681,-0.019
Aleph0.LeaF.0,3.5,3.117,0.398,3.514,0.014
Aleph0.LeaF.0,12.2,11.729,0.471,12.2,0.0
Aleph0.LeaF.0,16.0,14.44,1.559,15.998,-0.002
Aliceinaxxxxxxxx.Nagiha.0,5.0,4.519,0.47,4.989,-0.011
Aliceinaxxxxxxxx.Nagiha.0,9.5,9.011,0.487,9.498,-0.002
Aliceinaxxxxxxxx.Nagiha.0,15.8,14.45,1.341,15.791,-0.009
AnotherMe.DAAN.0,5.0,4.626,0.377,5.003,0.003
AnotherMe.DAAN.0,9.8,9.363,0.454,9.816,0.016
AnotherMe.DAAN.0,15.6,13.732,1.875,15.607,0.007
AnotherMe.NeutralMoon.0,5.5,5.113,0.393,5.507,0.007
AnotherMe.NeutralMoon.0,9.3,8.816,0.474,9.291,-0.009
AnotherMe.NeutralMoon.0,13.6,12.94,0.662,13.602,0.002
AnotherRound.JustinDai.0,2.5,2.172,0.327,2.499,-0.001
AnotherRound.JustinDai.0,9.6,9.175,0.436,9.611,0.011
AnotherRound.JustinDai.0,13.3,12.744,0.561,13.305,0.005
Antithese.Blacklolita.0,4.5,4.018,0.484,4.502,0.002
Antithese.Blacklolita.0,10.8,10.034,0.766,10.8,0.0
Antithese.Blacklolita.0,15.4,14.448,0.949,15.397,-0.003
Antithese.Blacklolita.0,16.4,14.315,2.083,16.398,-0.002
Aphasia.闫东炜.0,4.0,3.737,0.261,3.998,-0.002
Aphasia.闫东炜.0,8.8,8.2,0.607,8.807,0.007
Aphasia.闫东炜.0,13.3,12.111,1.192,13.303,0.003
AphroditesChildshortver.RUQOA.0,3.5,3.176,0.32,3.496,-0.004
AphroditesChildshortver.RUQOA.0,8.1,7.562,0.537,8.099,-0.001
AphroditesChildshortver.RUQOA.0,13.3,12.487,0.813,13.3,0.0
Apocalypse.アリスシャッハと魔法の楽団.0,4.0,3.537,0.468,4.005,0.005
Apocalypse.アリスシャッハと魔法の楽団.0,8.6,8.199,0.409,8.608,0.008
Apocalypse.アリスシャッハと魔法の楽団.0,13.5,13.003,0.484,13.487,-0.013
Apocalyptic.ZClaxxSumaiLight.0,3.0,2.671,0.35,3.021,0.021
Apocalyptic.ZClaxxSumaiLight.0,10.4,9.932,0.449,10.38,-0.02
Apocalyptic.ZClaxxSumaiLight.0,13.8,12.59,1.214,13.804,0.004
Archidoxen.Se_IRA.0,4.0,3.664,0.343,4.007,0.007
Archidoxen.Se_IRA.0,10.0,9.326,0.692,10.018,0.018
Archidoxen.Se_IRA.0,15.6,14.288,1.294,15.582,-0.018
Ark.kanoryo.0,3.5,3.152,0.355,3.507,0.007
Ark.kanoryo.0,9.5,9.028,0.488,9.516,0.016
Ark.kanoryo.0,15.0,14.029,0.956,14.985,-0.015
Ark.kanoryo.0,16.5,14.662,1.846,16.508,0.008
Arkhei.SeraAmagi.0,7.5,6.772,0.738,7.51,0.01
Arkhei.SeraAmagi.0,8.8,8.233,0.582,8.815,0.015
Arkhei.SeraAmagi.0,12.6,11.709,0.886,12.595,-0.005
ArtificialExistence.JunKuroda.0,3.5,3.146,0.359,3.506,0.006
ArtificialExistence.JunKuroda.0,9.3,8.876,0.404,9.28,-0.02
ArtificialExistence.JunKuroda.0,14.7,13.858,0.843,14.7,0.0
ATHAZA.LeaF.0,8.6,8.158,0.446,8.604,0.004
ATHAZA.LeaF.0,12.9,12.449,0.448,12.897,-0.003
ATHAZA.LeaF.0,15.7,14.463,1.23,15.693,-0.007
ATHAZA.LeaF.0,16.6,14.572,2.023,16.595,-0.005
atruthseekerCommunicationwithUtopiawillbelost.kuro.0,6.5,6.013,0.489,6.502,0.002
atruthseekerCommunicationwithUtopiawillbelost.kuro.0,12.4,11.796,0.595,12.39,-0.01
atruthseekerCommunicationwithUtopiawillbelost.kuro.0,15.8,14.219,1.561,15.779,-0.021
AvataarReincarnationofKalpa.ScarletteakaCrYmson.0,2.0,1.519,0.488,2.006,0.006
AvataarReincarnationofKalpa.ScarletteakaCrYmson.0,8.2,7.389,0.811,8.199,-0.001
AvataarReincarnationofKalpa.ScarletteakaCrYmson.0,13.4,12.283,1.109,13.392,-0.008
AvataarReincarnationofKalpa.ScarletteakaCrYmson.0,16.6,14.828,1.769,16.597,-0.003
Aventyr.GrandThawRigelTheatre.0,3.5,3.101,0.414,3.514,0.014
Aventyr.GrandThawRigelTheatre.0,9.9,9.303,0.609,9.912,0.012
Aventyr.GrandThawRigelTheatre.0,13.7,12.605,1.094,13.7,-0.0
BANGINGSTRIKE.DewPleiades.0,5.0,4.547,0.452,4.998,-0.002
BANGINGSTRIKE.DewPleiades.0,10.2,9.607,0.589,10.197,-0.003
BANGINGSTRIKE.DewPleiades.0,15.9,14.095,1.809,15.904,0.004
BANGINGSTRIKE.DewPleiades.0,16.8,13.824,2.985,16.808,0.008
BelieveLightfeat果丸哒呦.ScalerMestie果丸哒呦.0,2.5,2.178,0.325,2.503,0.003
BelieveLightfeat果丸哒呦.ScalerMestie果丸哒呦.0,8.9,8.494,0.394,8.888,-0.012
BelieveLightfeat果丸哒呦.ScalerMestie果丸哒呦.0,14.6,13.486,1.13,14.616,0.016
BetterGraphicAnimation.ルゼ.0,6.0,5.647,0.351,5.998,-0.002
BetterGraphicAnimation.ルゼ.0,11.1,10.427,0.677,11.105,0.005
BetterGraphicAnimation.ルゼ.0,15.3,14.298,1.002,15.3,-0.0
Bitterblossom.imvi.0,2.5,2.192,0.31,2.502,0.002
Bitterblossom.imvi.0,9.5,9.004,0.51,9.514,0.014
Bitterblossom.imvi.0,13.5,12.887,0.613,13.501,0.001
Bloom.targ麻团qwq.0,3.5,3.118,0.369,3.487,-0.013
Bloom.targ麻团qwq.0,11.2,10.573,0.604,11.177,-0.023
Bloom.targ麻团qwq.0,14.9,13.62,1.285,14.906,0.006
BonusTime.MegaloPaleWhite.0,3.5,3.103,0.379,3.482,-0.018
BonusTime.MegaloPaleWhite.0,9.5,9.107,0.399,9.506,0.006
BonusTime.MegaloPaleWhite.0,13.8,12.7,1.106,13.806,0.006
Bougainvillea.Jade.0,4.0,3.562,0.451,4.013,0.013
Bougainvillea.Jade.0,8.3,7.729,0.545,8.274,-0.026
Bougainvillea.Jade.0,13.2,12.253,0.952,13.205,0.005
BoundedQuietude.FiniteLimitvsSiLiS.0,7.0,6.159,0.838,6.998,-0.002
BoundedQuietude.FiniteLimitvsSiLiS.0,7.5,7.065,0.432,7.497,-0.003
BoundedQuietude.FiniteLimitvsSiLiS.0,16.2,14.484,1.715,16.199,-0.001
BRAINHACKER.SOMON.0,4.5,4.168,0.335,4.503,0.003
BRAINHACKER.SOMON.0,9.3,8.867,0.444,9.312,0.012
BRAINHACKER.SOMON.0,14.8,13.94,0.858,14.798,-0.002
BraveNotes.TurquoiseDRIVENota.0,5.5,5.144,0.376,5.52,0.02
BraveNotes.TurquoiseDRIVENota.0,11.4,10.882,0.517,11.399,-0.001
BraveNotes.TurquoiseDRIVENota.0,14.6,13.186,1.42,14.606,0.006
BreakOver.Kforest.0,5.0,4.616,0.398,5.014,0.014
BreakOver.Kforest.0,11.5,10.512,0.993,11.506,0.006
BreakOver.Kforest.0,14.1,12.734,1.359,14.093,-0.007
BreakOver.Kforest.0,14.9,14.158,0.719,14.878,-0.022
BreakThroughTheBarrier.lixound.0,5.5,5.037,0.462,5.499,-0.001
BreakThroughTheBarrier.lixound.0,9.5,8.945,0.538,9.483,-0.017
BreakThroughTheBarrier.lixound.0,14.5,13.268,1.246,14.513,0.013
BrokenSky.JungoMAX3feat刘佳宜Snow幻影刃shadow.0,3.0,2.69,0.314,3.004,0.004
BrokenSky.JungoMAX3feat刘佳宜Snow幻影刃shadow.0,8.6,8.256,0.319,8.575,-0.025
BrokenSky.JungoMAX3feat刘佳宜Snow幻影刃shadow.0,13.2,12.633,0.555,13.188,-0.012
Burn.NceS.0,7.0,6.67,0.324,6.994,-0.006
Burn.NceS.0,11.2,10.677,0.512,11.189,-0.011
Burn.NceS.0,15.2,13.743,1.436,15.179,-0.021
bye.DingerBox.0,4.0,3.516,0.48,3.995,-0.005
bye.DingerBox.0,9.1,8.635,0.441,9.076,-0.024
bye.DingerBox.0,14.8,13.98,0.82,14.8,-0.0
Cereris.SunsetRayNceS.0,5.5,4.841,0.656,5.497,-0.003
Cereris.SunsetRayNceS.0,10.9,10.096,0.793,10.889,-0.011
Cereris.SunsetRayNceS.0,14.7,13.702,0.985,14.687,-0.013
CervelleConnexion.SCTL.0,5.0,4.591,0.446,5.037,0.037
CervelleConnexion.SCTL.0,11.3,10.703,0.587,11.291,-0.009
CervelleConnexion.SCTL.0,14.5,13.844,0.659,14.504,0.004
Chronologika.Hundotte.0,3.5,3.036,0.476,3.513,0.013
Chronologika.Hundotte.0,9.8,9.356,0.449,9.805,0.005
Chronologika.Hundotte.0,13.9,12.676,1.242,13.919,0.019
Chronomia.Lime.0,4.5,4.124,0.403,4.526,0.026
Chronomia.Lime.0,11.1,10.601,0.504,11.105,0.005
Chronomia.Lime.0,15.4,14.035,1.364,15.399,-0.001
ChronosCollapseLaCampanella.SunsetRay.0,4.5,4.123,0.374,4.497,-0.003
ChronosCollapseLaCampanella.SunsetRay.0,12.5,11.839,0.648,12.486,-0.014
ChronosCollapseLaCampanella.SunsetRay.0,16.3,14.532,1.762,16.294,-0.006
Chronostasis.黒皇帝.0,6.0,5.677,0.323,6.0,-0.0
Chronostasis.黒皇帝.0,10.7,10.029,0.693,10.722,0.022
Chronostasis.黒皇帝.0,16.0,14.527,1.467,15.994,-0.006
Cipher20.TetrajectoryfeatCtymax.0,5.0,4.583,0.416,5.0,-0.0
Cipher20.TetrajectoryfeatCtymax.0,10.3,9.823,0.462,10.285,-0.015
Cipher20.TetrajectoryfeatCtymax.0,14.4,13.239,1.187,14.426,0.026
ClassMemories.AntistarfeatCtymax.0,6.0,5.586,0.417,6.003,0.003
ClassMemories.AntistarfeatCtymax.0,10.8,10.101,0.697,10.799,-0.001
ClassMemories.AntistarfeatCtymax.0,13.8,12.485,1.309,13.794,-0.006
ClockParadox.WyvernP.0,2.0,1.633,0.389,2.022,0.022
ClockParadox.WyvernP.0,6.0,5.561,0.44,6.001,0.001
ClockParadox.WyvernP.0,12.5,11.932,0.565,12.497,-0.003
ColorfulDays.P4koofeatつゆり花鈴.0,5.0,4.689,0.317,5.006,0.006
ColorfulDays.P4koofeatつゆり花鈴.0,7.0,6.728,0.255,6.983,-0.017
ColorfulDays.P4koofeatつゆり花鈴.0,12.6,11.924,0.667,12.592,-0.008
CometFeat符白牙.CNHKSS.0,3.0,2.54,0.461,3.001,0.001
CometFeat符白牙.CNHKSS.0,10.5,9.828,0.662,10.489,-0.011
CometFeat符白牙.CNHKSS.0,13.7,12.684,1.033,13.718,0.018
ComputeItWithSomeDevilishAlcoholicSteampunkEngines.かめりあ.0,5.5,5.107,0.403,5.51,0.01
ComputeItWithSomeDevilishAlcoholicSteampunkEngines.かめりあ.0,10.6,10.032,0.579,10.611,0.011
ComputeItWithSomeDevilishAlcoholicSteampunkEngines.かめりあ.0,15.8,14.352,1.457,15.808,0.008
Concvssion.Halv.0,6.0,5.676,0.345,6.021,0.021
Concvssion.Halv.0,11.3,10.597,0.695,11.292,-0.008
Concvssion.Halv.0,15.6,13.761,1.847,15.607,0.007
CraveWave.LandRoot.0,2.5,2.142,0.365,2.507,0.007
CraveWave.LandRoot.0,8.0,7.552,0.464,8.016,0.016
CraveWave.LandRoot.0,13.7,12.69,1.024,13.714,0.014
Credits.Frums.0,4.5,4.168,0.323,4.491,-0.009
Credits.Frums.0,10.4,10.077,0.321,10.399,-0.001
Credits.Frums.0,13.6,12.894,0.706,13.599,-0.001
Credits.Frums.0,15.7,15.196,0.503,15.7,-0.0
Cristalisia.onoken.0,4.0,3.599,0.425,4.024,0.024
Cristalisia.onoken.0,10.4,9.81,0.584,10.394,-0.006
Cristalisia.onoken.0,14.4,13.458,0.93,14.388,-0.012
CROSSSOUL.HyuNfeatSyepias.0,7.5,7.125,0.393,7.519,0.019
CROSSSOUL.HyuNfeatSyepias.0,12.6,11.714,0.876,12.591,-0.009
CROSSSOUL.HyuNfeatSyepias.0,16.4,14.764,1.633,16.397,-0.003
CrushBETA.shadow_bling.0,4.0,3.619,0.396,4.015,0.015
CrushBETA.shadow_bling.0,10.5,9.955,0.559,10.514,0.014
CrushBETA.shadow_bling.0,15.1,13.82,1.27,15.089,-0.011
cryout.JuE.0,3.5,3.211,0.29,3.501,0.001
cryout.JuE.0,9.9,9.43,0.476,9.907,0.007
cryout.JuE.0,13.6,12.564,1.037,13.601,0.001
csqn.Aoi.0,5.0,4.437,0.583,5.019,0.019
csqn.Aoi.0,12.2,11.293,0.905,12.198,-0.002
csqn.Aoi.0,15.9,14.431,1.471,15.902,0.002
Cthugha.USAO.0,6.0,5.558,0.442,6.0,-0.0
Cthugha.USAO.0,10.4,9.732,0.678,10.411,0.011
Cthugha.USAO.0,16.0,14.112,1.897,16.009,0.009
Cthugha.USAO.0,16.1,13.936,2.148,16.084,-0.016
Cuvism.Fl00tvsHalv.0,3.0,2.555,0.451,3.006,0.006
Cuvism.Fl00tvsHalv.0,12.2,11.267,0.943,12.211,0.011
Cuvism.Fl00tvsHalv.0,13.9,12.806,1.071,13.877,-0.023
Cuvism.Fl00tvsHalv.0,16.7,14.772,1.931,16.703,0.003
DancewithSilence.かめりあ.0,7.0,6.628,0.362,6.99,-0.01
DancewithSilence.かめりあ.0,10.9,10.29,0.619,10.909,0.009
DancewithSilence.かめりあ.0,15.2,13.906,1.283,15.188,-0.012
Dash.小红Akane李祥辉.0,2.5,2.188,0.314,2.502,0.002
Dash.小红Akane李祥辉.0,5.5,5.206,0.296,5.502,0.002
Dash.小红Akane李祥辉.0,9.7,9.198,0.513,9.711,0.011
DataErr0r.Cosmograph.0,6.0,5.595,0.4,5.995,-0.005
DataErr0r.Cosmograph.0,11.8,11.341,0.446,11.787,-0.013
DataErr0r.Cosmograph.0,14.5,13.741,0.765,14.506,0.006
dBdoll.YUESTEVENuen.0,1.5,1.142,0.35,1.492,-0.008
dBdoll.YUESTEVENuen.0,3.5,3.178,0.314,3.492,-0.008
dBdoll.YUESTEVENuen.0,8.3,7.869,0.429,8.298,-0.002
dBdoll.YUESTEVENuen.0,13.6,12.826,0.773,13.599,-0.001
DeadSoul.SoundSouler.0,4.5,4.106,0.396,4.502,0.002
DeadSoul.SoundSouler.0,12.3,11.66,0.63,12.29,-0.01
DeadSoul.SoundSouler.0,14.4,13.275,1.116,14.392,-0.008
Demiurge.Rabpit.0,1.5,1.089,0.418,1.507,0.007
Demiurge.Rabpit.0,7.5,6.948,0.549,7.498,-0.002
Demiurge.Rabpit.0,11.8,11.331,0.469,11.8,-0.0
Demonkin.ForgedReigns.0,4.5,4.195,0.295,4.49,-0.01
Demonkin.ForgedReigns.0,9.2,8.842,0.363,9.205,0.005
Demonkin.ForgedReigns.0,13.8,12.566,1.252,13.817,0.017
DerRichter.Ωμεγα.0,5.5,5.079,0.421,5.5,0.0
DerRichter.Ωμεγα.0,11.4,10.883,0.519,11.401,0.001
DerRichter.Ωμεγα.0,15.6,14.193,1.405,15.598,-0.002
DerRichter.Ωμεγα.0,16.9,15.028,1.865,16.893,-0.007
DESTRUCTION321.Normal1zervsBrokenNerdz.0,8.5,7.56,0.935,8.495,-0.005
DESTRUCTION321.Normal1zervsBrokenNerdz.0,13.1,12.055,1.047,13.102,0.002
DESTRUCTION321.Normal1zervsBrokenNerdz.0,16.3,14.651,1.631,16.283,-0.017
DESTRUCTION321.Normal1zervsBrokenNerdz.0,17.3,14.053,3.248,17.301,0.001
DevIAtiOnshortver.polysha.0,5.0,4.552,0.454,5.005,0.005
DevIAtiOnshortver.polysha.0,11.1,10.372,0.744,11.116,0.016
DevIAtiOnshortver.polysha.0,15.7,14.441,1.24,15.681,-0.019
Devotion.Connexio.0,4.5,4.083,0.404,4.486,-0.014
Devotion.Connexio.0,9.6,9.073,0.528,9.601,0.001
Devotion.Connexio.0,13.7,12.865,0.855,13.72,0.02
DiamondDust.MasahiroGodspeedAoki.0,5.0,4.514,0.482,4.996,-0.004
DiamondDust.MasahiroGodspeedAoki.0,10.8,10.279,0.525,10.804,0.004
DiamondDust.MasahiroGodspeedAoki.0,15.3,14.108,1.195,15.304,0.004
DiamondDust.MasahiroGodspeedAoki.0,16.7,14.77,1.933,16.703,0.003
DiamondEyes.SYNTHETIC.0,3.5,3.06,0.445,3.505,0.005
DiamondEyes.SYNTHETIC.0,6.5,6.0,0.512,6.512,0.012
DiamondEyes.SYNTHETIC.0,13.4,12.47,0.918,13.389,-0.011
Disorder.HyuNfeatYURI.0,6.0,5.719,0.297,6.016,0.016
Disorder.HyuNfeatYURI.0,10.3,9.801,0.473,10.275,-0.025
Disorder.HyuNfeatYURI.0,14.8,13.689,1.104,14.793,-0.007
DistortedFate.Sakuzyo.0,8.1,7.492,0.616,8.107,0.007
DistortedFate.Sakuzyo.0,13.5,11.995,1.525,13.52,0.02
DistortedFate.Sakuzyo.0,16.3,14.41,1.893,16.303,0.003
DistortedFate.Sakuzyo.0,17.4,15.203,2.198,17.402,0.002
Dlyrotz.Likey.0,4.0,3.53,0.479,4.01,0.01
Dlyrotz.Likey.0,9.1,8.631,0.467,9.098,-0.002
Dlyrotz.Likey.0,13.7,12.942,0.741,13.683,-0.017
DontNeverAround.HAMA.0,5.0,4.658,0.345,5.003,0.003
DontNeverAround.HAMA.0,11.3,10.626,0.677,11.303,0.003
DontNeverAround.HAMA.0,15.5,13.846,1.65,15.495,-0.005
Doppelganger.LeaF.0,5.0,4.51,0.499,5.009,0.009
Doppelganger.LeaF.0,9.0,8.409,0.584,8.993,-0.007
Doppelganger.LeaF.0,15.1,13.804,1.302,15.106,0.006
Dreamland.z1onkyrrin.0,7.0,6.552,0.467,7.019,0.019
Dreamland.z1onkyrrin.0,10.3,9.713,0.586,10.299,-0.001
Dreamland.z1onkyrrin.0,13.6,12.609,0.996,13.605,0.005
DropIt.Asuka.0,4.0,3.623,0.395,4.018,0.018
DropIt.Asuka.0,9.2,8.666,0.534,9.2,-0.0
DropIt.Asuka.0,14.2,12.997,1.201,14.197,-0.003
ElCondorPasaPhigrosEdit.PlasticFruits.0,6.5,6.094,0.396,6.49,-0.01
ElCondorPasaPhigrosEdit.PlasticFruits.0,12.5,11.882,0.628,12.51,0.01
ElCondorPasaPhigrosEdit.PlasticFruits.0,15.6,13.752,1.841,15.593,-0.007
Electron.ElousFZ.0,3.5,3.229,0.293,3.522,0.022
Electron.ElousFZ.0,9.4,8.866,0.549,9.414,0.014
Electron.ElousFZ.0,13.2,12.311,0.882,13.193,-0.007
Eltaw.Fl00t.0,7.0,6.609,0.383,6.992,-0.008
Eltaw.Fl00t.0,10.6,10.14,0.465,10.605,0.005
Eltaw.Fl00t.0,14.8,13.58,1.206,14.786,-0.014
Elúltimobaile.Θ.0,4.5,4.107,0.382,4.489,-0.011
Elúltimobaile.Θ.0,9.5,9.033,0.469,9.502,0.002
Elúltimobaile.Θ.0,14.1,13.196,0.909,14.105,0.005
EndMe.ZxNXasDelaina.0,5.5,5.143,0.353,5.496,-0.004
EndMe.ZxNXasDelaina.0,7.5,6.978,0.518,7.496,-0.004
EndMe.ZxNXasDelaina.0,14.2,13.258,0.936,14.194,-0.006
ENERGYSYNERGYMATRIX.Tanchiky.0,5.5,4.798,0.72,5.518,0.018
ENERGYSYNERGYMATRIX.Tanchiky.0,11.5,10.725,0.784,11.509,0.009
ENERGYSYNERGYMATRIX.Tanchiky.0,14.4,13.058,1.34,14.398,-0.002
energytrixxx.KAH.0,5.0,4.506,0.475,4.981,-0.019
energytrixxx.KAH.0,10.4,9.924,0.492,10.416,0.016
energytrixxx.KAH.0,15.4,13.934,1.473,15.406,0.006
EnginexStartmelodymix.CrossingSound.0,2.5,2.115,0.387,2.502,0.002
EnginexStartmelodymix.CrossingSound.0,8.3,7.908,0.37,8.279,-0.021
EnginexStartmelodymix.CrossingSound.0,13.0,12.178,0.832,13.01,0.01
ERABYECONNEC10N.かめりあ.0,5.5,5.086,0.412,5.498,-0.002
ERABYECONNEC10N.かめりあ.0,11.6,10.85,0.753,11.603,0.003
ERABYECONNEC10N.かめりあ.0,16.3,14.571,1.73,16.301,0.001
ERABYECONNEC10N.かめりあ.0,17.3,14.409,2.89,17.299,-0.001
EradicationCatastrophe.NceS.0,3.5,3.152,0.35,3.503,0.003
EradicationCatastrophe.NceS.0,7.5,7.137,0.345,7.482,-0.018
EradicationCatastrophe.NceS.0,12.7,11.978,0.717,12.695,-0.005
EternalSnow.AbyssIdols.0,4.0,3.527,0.457,3.985,-0.015
EternalSnow.AbyssIdols.0,9.6,9.026,0.571,9.598,-0.002
EternalSnow.AbyssIdols.0,13.5,12.691,0.822,13.513,0.013
Feast远东之宴.茶鸣拾贰律.0,6.5,5.912,0.604,6.516,0.016
Feast远东之宴.茶鸣拾贰律.0,12.1,11.286,0.822,12.108,0.008
Feast远东之宴.茶鸣拾贰律.0,15.5,13.989,1.507,15.495,-0.005
FinalStep.Lime.0,5.5,5.157,0.33,5.487,-0.013
FinalStep.Lime.0,11.0,10.384,0.633,11.017,0.017
FinalStep.Lime.0,14.1,12.64,1.48,14.121,0.021
FindMe.Kforest.0,5.5,5.21,0.28,5.49,-0.01
FindMe.Kforest.0,10.5,9.8,0.692,10.492,-0.008
FindMe.Kforest.0,14.3,12.744,1.557,14.3,0.0
FixationsTowardtheStars.Foodbot.0,3.5,3.161,0.321,3.482,-0.018
FixationsTowardtheStars.Foodbot.0,10.9,10.55,0.35,10.9,-0.0
FixationsTowardtheStars.Foodbot.0,14.5,13.652,0.84,14.492,-0.008
FlutterEcho.Cansol.0,3.5,3.09,0.399,3.489,-0.011
FlutterEcho.Cansol.0,9.8,9.329,0.482,9.811,0.011
FlutterEcho.Cansol.0,14.9,13.844,1.045,14.889,-0.011
FracturedAngel.DJRaisei.0,4.0,3.359,0.642,4.001,0.001
FracturedAngel.DJRaisei.0,10.9,9.999,0.893,10.892,-0.008
FracturedAngel.DJRaisei.0,16.3,15.269,1.034,16.303,0.003
FreakyUndulationsNobleKnightsofTune.JehezukielKURORAK.0,7.0,6.521,0.479,7.0,0.0
FreakyUndulationsNobleKnightsofTune.JehezukielKURORAK.0,10.9,10.364,0.543,10.907,0.007
FreakyUndulationsNobleKnightsofTune.JehezukielKURORAK.0,15.3,13.991,1.302,15.293,-0.007
FrozenHeart.A39沙包P.0,5.0,4.599,0.413,5.012,0.012
FrozenHeart.A39沙包P.0,10.6,10.044,0.542,10.586,-0.014
FrozenHeart.A39沙包P.0,14.6,13.639,0.963,14.603,0.003
FULiAUTOBUSTER.MYUKKE.0,3.5,3.19,0.307,3.497,-0.003
FULiAUTOBUSTER.MYUKKE.0,9.7,9.075,0.634,9.709,0.009
FULiAUTOBUSTER.MYUKKE.0,14.6,13.441,1.149,14.59,-0.01
FULiAUTOSHOOTER.MYUKKE.0,3.0,2.599,0.388,2.987,-0.013
FULiAUTOSHOOTER.MYUKKE.0,9.0,8.624,0.35,8.975,-0.025
FULiAUTOSHOOTER.MYUKKE.0,14.9,13.754,1.14,14.894,-0.006
FutureMind.RayNauticaRekuMochizuki.0,4.5,4.199,0.309,4.509,0.009
FutureMind.RayNauticaRekuMochizuki.0,11.0,10.406,0.598,11.004,0.004
FutureMind.RayNauticaRekuMochizuki.0,14.2,13.06,1.146,14.206,0.006
GetBack.CAP3.0,6.5,6.113,0.4,6.513,0.013
GetBack.CAP3.0,10.7,10.056,0.623,10.679,-0.021
GetBack.CAP3.0,14.1,13.127,0.974,14.101,0.001
GetReady.iF.0,6.0,5.564,0.454,6.018,0.018
GetReady.iF.0,10.7,9.967,0.735,10.702,0.002
GetReady.iF.0,13.8,12.658,1.153,13.811,0.011
Glaciaxion.SunsetRay.0,1.0,0.668,0.339,1.007,0.007
Glaciaxion.SunsetRay.0,6.5,6.041,0.456,6.497,-0.003
Glaciaxion.SunsetRay.0,12.6,11.81,0.777,12.587,-0.013
GOODBOUNCE.EBIMAYO.0,7.5,7.033,0.491,7.524,0.024
GOODBOUNCE.EBIMAYO.0,11.9,11.262,0.631,11.893,-0.007
GOODBOUNCE.EBIMAYO.0,14.5,13.312,1.194,14.506,0.006
GOODFORTUNE.EBIMAYO.0,7.5,7.077,0.434,7.511,0.011
GOODFORTUNE.EBIMAYO.0,8.7,7.979,0.72,8.699,-0.001
GOODFORTUNE.EBIMAYO.0,15.7,14.134,1.558,15.692,-0.008
GOODRAGE.EBIMAYO.0,5.0,4.636,0.373,5.009,0.009
GOODRAGE.EBIMAYO.0,8.5,8.012,0.479,8.491,-0.009
GOODRAGE.EBIMAYO.0,16.0,14.503,1.494,15.997,-0.003
GOODTEK.EBIMAYO.0,5.0,4.703,0.31,5.014,0.014
GOODTEK.EBIMAYO.0,10.0,9.323,0.678,10.001,0.001
GOODTEK.EBIMAYO.0,14.3,13.195,1.113,14.308,0.008
GOODWORLD.EBIMAYO.0,3.0,2.646,0.343,2.989,-0.011
GOODWORLD.EBIMAYO.0,11.4,10.638,0.754,11.392,-0.008
GOODWORLD.EBIMAYO.0,14.9,13.615,1.292,14.908,0.008
Grimheart.Puru.0,3.0,2.631,0.359,2.99,-0.01
Grimheart.Puru.0,8.9,8.511,0.365,8.875,-0.025
Grimheart.Puru.0,13.8,13.196,0.614,13.81,0.01
GVNGlitterVomitusandNeon.SaltySaltUnfold33.0,5.0,4.398,0.609,5.006,0.006
GVNGlitterVomitusandNeon.SaltySaltUnfold33.0,9.7,8.904,0.785,9.689,-0.011
GVNGlitterVomitusandNeon.SaltySaltUnfold33.0,15.8,14.042,1.761,15.802,0.002
HardcoreKwaya.EnFr.0,4.5,4.216,0.293,4.509,0.009
HardcoreKwaya.EnFr.0,8.4,7.808,0.593,8.401,0.001
HardcoreKwaya.EnFr.0,14.6,13.236,1.372,14.608,0.008
HAZARD.Limpid.0,4.5,4.064,0.454,4.519,0.019
HAZARD.Limpid.0,11.0,10.287,0.721,11.008,0.008
HAZARD.Limpid.0,14.8,13.548,1.242,14.79,-0.01
Helios.NOABotaNya.0,5.5,5.043,0.459,5.502,0.002
Helios.NOABotaNya.0,9.0,8.512,0.485,8.998,-0.002
Helios.NOABotaNya.0,14.2,13.414,0.788,14.202,0.002
HorizonBlue.NothingButRequiemfeatAikapinChiyoko.0,6.5,6.054,0.461,6.514,0.014
HorizonBlue.NothingButRequiemfeatAikapinChiyoko.0,11.6,10.879,0.722,11.601,0.001
HorizonBlue.NothingButRequiemfeatAikapinChiyoko.0,15.7,14.145,1.55,15.696,-0.004
HumaN.SOTUI.0,3.0,2.627,0.381,3.008,0.008
HumaN.SOTUI.0,8.0,7.571,0.41,7.982,-0.018
HumaN.SOTUI.0,12.9,12.109,0.798,12.907,0.007
Hydra.JamesLandinoXAkiraComplex.0,6.0,5.586,0.42,6.006,0.006
Hydra.JamesLandinoXAkiraComplex.0,11.6,10.887,0.718,11.605,0.005
Hydra.JamesLandinoXAkiraComplex.0,15.4,13.943,1.434,15.377,-0.023
Hydra.JamesLandinoXAkiraComplex.0,17.1,14.663,2.44,17.103,0.003
Igallta.SeURa.0,7.5,7.121,0.371,7.492,-0.008
Igallta.SeURa.0,12.2,11.534,0.659,12.194,-0.006
Igallta.SeURa.0,16.1,14.631,1.463,16.094,-0.006
Igallta.SeURa.0,17.4,15.197,2.191,17.388,-0.012
iLArtifact.Link0.0,5.5,5.116,0.39,5.506,0.006
iLArtifact.Link0.0,10.5,9.746,0.776,10.522,0.022
iLArtifact.Link0.0,15.7,14.112,1.601,15.713,0.013
IMustSayNo.TangJuan.0,1.5,1.132,0.373,1.505,0.005
IMustSayNo.TangJuan.0,9.2,8.824,0.389,9.213,0.013
IMustSayNo.TangJuan.0,13.5,12.847,0.643,13.49,-0.01
Incyde.YbeLL.0,7.0,6.488,0.509,6.997,-0.003
Incyde.YbeLL.0,12.1,11.238,0.863,12.101,0.001
Incyde.YbeLL.0,16.2,14.942,1.255,16.198,-0.002
IndelibleScar.Noah.0,7.0,6.578,0.423,7.001,0.001
IndelibleScar.Noah.0,11.5,10.784,0.701,11.486,-0.014
IndelibleScar.Noah.0,15.3,14.108,1.201,15.308,0.008
IndelibleScar.Noah.0,16.5,14.564,1.942,16.505,0.005
inferior.姜米條.0,7.0,6.599,0.406,7.004,0.004
inferior.姜米條.0,7.5,6.97,0.529,7.499,-0.001
inferior.姜米條.0,14.6,13.212,1.393,14.605,0.005
INFiNiTEENERZYOverdoze.RekuMochizuki.0,6.5,6.151,0.344,6.495,-0.005
INFiNiTEENERZYOverdoze.RekuMochizuki.0,12.3,11.476,0.821,12.296,-0.004
INFiNiTEENERZYOverdoze.RekuMochizuki.0,14.8,13.418,1.386,14.804,0.004
INFiNiTEENERZYOverdoze.RekuMochizuki.0,16.8,15.204,1.587,16.791,-0.009
InfinityHeaven.HyuN.0,3.0,2.544,0.445,2.989,-0.011
InfinityHeaven.HyuN.0,8.4,7.934,0.46,8.393,-0.007
InfinityHeaven.HyuN.0,13.9,12.967,0.939,13.906,0.006
Initialize.iF.0,2.5,2.086,0.389,2.475,-0.025
Initialize.iF.0,7.0,6.483,0.512,6.995,-0.005
Initialize.iF.0,11.6,10.768,0.829,11.597,-0.003
InvertedWorld.ARForest.0,5.5,5.116,0.376,5.491,-0.009
InvertedWorld.ARForest.0,11.2,10.661,0.537,11.198,-0.002
InvertedWorld.ARForest.0,15.5,14.294,1.186,15.479,-0.021
JourneywithYou.Iris.0,5.0,4.606,0.385,4.991,-0.009
JourneywithYou.Iris.0,10.0,9.519,0.467,9.986,-0.014
JourneywithYou.Iris.0,13.7,13.082,0.622,13.704,0.004
JunXionBetweenLifeAndDeathVIPMix.1N6Fs.0,3.0,2.675,0.338,3.013,0.013
JunXionBetweenLifeAndDeathVIPMix.1N6Fs.0,8.7,8.092,0.612,8.705,0.005
JunXionBetweenLifeAndDeathVIPMix.1N6Fs.0,13.4,12.585,0.823,13.408,0.008
Kerberos.Zris.0,5.5,5.079,0.403,5.482,-0.018
Kerberos.Zris.0,12.4,11.543,0.885,12.428,0.028
Kerberos.Zris.0,15.8,14.228,1.577,15.806,0.006
Khalid.Dolphin.0,4.0,3.603,0.409,4.012,0.012
Khalid.Dolphin.0,8.2,7.702,0.496,8.197,-0.003
Khalid.Dolphin.0,13.1,12.32,0.764,13.084,-0.016
KhronostasisKatharsis.Halv.0,6.0,5.593,0.395,5.988,-0.012
KhronostasisKatharsis.Halv.0,11.8,10.962,0.834,11.796,-0.004
KhronostasisKatharsis.Halv.0,14.0,12.58,1.422,14.002,0.002
KirakiraNoelStory.RekuMochizuki.0,4.0,3.749,0.259,4.008,0.008
KirakiraNoelStory.RekuMochizuki.0,10.2,9.648,0.563,10.212,0.012
KirakiraNoelStory.RekuMochizuki.0,14.2,12.844,1.373,14.217,0.017
KIZUNAResolution.TAG.0,8.0,7.678,0.322,8.0,0.0
KIZUNAResolution.TAG.0,13.4,12.454,0.944,13.398,-0.002
KIZUNAResolution.TAG.0,16.4,15.031,1.373,16.404,0.004
KMoeVIP.ZxNX.0,3.0,2.559,0.433,2.992,-0.008
KMoeVIP.ZxNX.0,8.4,7.891,0.505,8.396,-0.004
KMoeVIP.ZxNX.0,15.9,13.615,2.281,15.896,-0.004
Komplexe.雄之助featSennzai.0,3.5,3.048,0.463,3.511,0.011
Komplexe.雄之助featSennzai.0,9.6,9.198,0.399,9.596,-0.004
Komplexe.雄之助featSennzai.0,14.3,13.141,1.168,14.31,0.01
LabyrinthinKowloonWalledWorld.かめりあ.0,6.0,5.516,0.487,6.003,0.003
LabyrinthinKowloonWalledWorld.かめりあ.0,11.4,10.573,0.837,11.41,0.01
LabyrinthinKowloonWalledWorld.かめりあ.0,15.6,14.139,1.47,15.609,0.009
LeaveAllBehind.rider.0,3.0,2.676,0.343,3.019,0.019
LeaveAllBehind.rider.0,8.9,8.463,0.428,8.891,-0.009
LeaveAllBehind.rider.0,12.7,12.001,0.697,12.698,-0.002
Letempsperdu.Daison.0,4.0,3.616,0.387,4.003,0.003
Letempsperdu.Daison.0,9.0,8.45,0.541,8.991,-0.009
Letempsperdu.Daison.0,12.5,11.85,0.626,12.476,-0.024
lifeflashesbeforeweebeyes.BilliumMoto.0,6.5,6.096,0.406,6.502,0.002
lifeflashesbeforeweebeyes.BilliumMoto.0,11.9,11.123,0.767,11.89,-0.01
lifeflashesbeforeweebeyes.BilliumMoto.0,14.9,13.679,1.228,14.907,0.007
Locomotive.K.0,4.0,3.566,0.428,3.994,-0.006
Locomotive.K.0,9.7,9.199,0.508,9.707,0.007
Locomotive.K.0,13.5,12.725,0.748,13.474,-0.026
Luminescence.米虾Fomiki初云CLoudie.0,5.5,5.053,0.447,5.501,0.001
Luminescence.米虾Fomiki初云CLoudie.0,11.0,10.436,0.548,10.985,-0.015
Luminescence.米虾Fomiki初云CLoudie.0,14.5,13.264,1.232,14.496,-0.004
Luminescent.Daison.0,5.5,5.117,0.39,5.507,0.007
Luminescent.Daison.0,9.7,9.103,0.607,9.71,0.01
Luminescent.Daison.0,14.4,13.604,0.778,14.381,-0.019
LuminousEntitiesLostHeart.NormalMfeatUsagiDenki.0,5.0,4.505,0.473,4.978,-0.022
LuminousEntitiesLostHeart.NormalMfeatUsagiDenki.0,10.7,10.265,0.423,10.688,-0.012
LuminousEntitiesLostHeart.NormalMfeatUsagiDenki.0,15.2,14.291,0.906,15.197,-0.003
Lyrith迷宮リリス.ユメミド.0,5.0,4.637,0.365,5.001,0.001
Lyrith迷宮リリス.ユメミド.0,11.1,10.556,0.538,11.095,-0.005
Lyrith迷宮リリス.ユメミド.0,16.1,14.333,1.768,16.101,0.001
Lyrith迷宮リリス.ユメミド.0,16.5,14.71,1.795,16.505,0.005
MagentaPotion.EmoCo.0,6.5,6.082,0.404,6.486,-0.014
MagentaPotion.EmoCo.0,11.3,10.662,0.661,11.323,0.023
MagentaPotion.EmoCo.0,14.4,13.357,1.04,14.397,-0.003
ManifoldHypothesis.cybermisofeattigerlily.0,4.0,3.585,0.407,3.992,-0.008
ManifoldHypothesis.cybermisofeattigerlily.0,9.1,8.694,0.403,9.097,-0.003
ManifoldHypothesis.cybermisofeattigerlily.0,14.6,13.505,1.105,14.611,0.011
MARENOL.LeaF.0,2.0,1.657,0.351,2.007,0.007
MARENOL.LeaF.0,10.3,9.659,0.638,10.297,-0.003
MARENOL.LeaF.0,13.9,12.907,0.994,13.901,0.001
mechanted.rareguy.0,3.0,2.684,0.329,3.013,0.013
mechanted.rareguy.0,11.3,10.798,0.512,11.31,0.01
mechanted.rareguy.0,14.9,13.887,1.012,14.899,-0.001
microwav.dandeless.0,6.0,5.65,0.335,5.985,-0.015
microwav.dandeless.0,10.5,10.018,0.477,10.495,-0.005
microwav.dandeless.0,14.7,13.698,0.998,14.697,-0.003
MiracleForestVIPMix.Rinthlive.0,3.0,2.565,0.426,2.992,-0.008
MiracleForestVIPMix.Rinthlive.0,7.5,7.147,0.349,7.496,-0.004
MiracleForestVIPMix.Rinthlive.0,13.1,12.367,0.743,13.11,0.01
MOBILYS.Dachs.0,5.5,5.056,0.446,5.502,0.002
MOBILYS.Dachs.0,9.3,8.754,0.565,9.319,0.019
MOBILYS.Dachs.0,14.3,13.053,1.254,14.307,0.007
modulus.PTB10.0,4.5,4.183,0.307,4.49,-0.01
modulus.PTB10.0,10.4,9.771,0.616,10.387,-0.013
modulus.PTB10.0,14.9,12.923,1.986,14.91,0.01
NextTime.SaMZIng.0,6.0,5.765,0.241,6.006,0.006
NextTime.SaMZIng.0,8.7,8.371,0.317,8.688,-0.012
NextTime.SaMZIng.0,12.4,11.922,0.468,12.39,-0.01
Nhelv.Silentroom.0,1.5,1.126,0.386,1.511,0.011
Nhelv.Silentroom.0,12.0,11.521,0.473,11.994,-0.006
Nhelv.Silentroom.0,15.6,14.526,1.067,15.592,-0.008
NickofTime.P4koo.0,6.0,5.557,0.428,5.985,-0.015
NickofTime.P4koo.0,9.3,8.874,0.45,9.324,0.024
NickofTime.P4koo.0,14.7,13.524,1.177,14.702,0.002
NightTheater.わかどり.0,4.0,3.575,0.441,4.016,0.016
NightTheater.わかどり.0,10.6,9.916,0.701,10.617,0.017
NightTheater.わかどり.0,14.3,13.027,1.272,14.299,-0.001
NonMelodicRagezMUGEdit.Normal1zer.0,5.5,5.132,0.357,5.49,-0.01
NonMelodicRagezMUGEdit.Normal1zer.0,11.6,10.818,0.776,11.594,-0.006
NonMelodicRagezMUGEdit.Normal1zer.0,16.1,14.081,2.018,16.1,-0.0
NOONEYESMAN.MYUKKE.0,7.0,6.717,0.295,7.012,0.012
NOONEYESMAN.MYUKKE.0,10.9,10.273,0.623,10.897,-0.003
NOONEYESMAN.MYUKKE.0,15.5,14.299,1.186,15.484,-0.016
NowIsTheTimeDoIt.RoyMikelate.0,4.5,4.064,0.429,4.493,-0.007
NowIsTheTimeDoIt.RoyMikelate.0,11.2,10.151,1.061,11.212,0.012
NowIsTheTimeDoIt.RoyMikelate.0,14.3,12.874,1.439,14.313,0.013
NOx.Juggernaut.0,4.5,4.154,0.349,4.503,0.003
NOx.Juggernaut.0,10.3,9.577,0.71,10.286,-0.014
NOx.Juggernaut.0,16.1,14.85,1.243,16.093,-0.007
NYA.FLuoRiTe姜米條.0,2.0,1.659,0.355,2.014,0.014
NYA.FLuoRiTe姜米條.0,8.6,8.249,0.348,8.597,-0.003
NYA.FLuoRiTe姜米條.0,13.1,12.427,0.665,13.092,-0.008
OnAndOn.ETIAfeatJenga.0,5.0,4.583,0.416,5.0,-0.0
OnAndOn.ETIAfeatJenga.0,9.6,9.221,0.36,9.581,-0.019
OnAndOn.ETIAfeatJenga.0,15.2,13.916,1.278,15.194,-0.006
opia.rN.0,5.5,5.058,0.441,5.5,-0.0
opia.rN.0,10.6,10.195,0.399,10.594,-0.006
opia.rN.0,15.6,14.755,0.83,15.585,-0.015
Originally.SNKSMizku.0,1.0,0.937,0.069,1.006,0.006
Originally.SNKSMizku.0,9.3,8.855,0.436,9.29,-0.01
Originally.SNKSMizku.0,14.5,13.135,1.343,14.477,-0.023
Orthodox.tokiwa.0,4.5,4.143,0.363,4.507,0.007
Orthodox.tokiwa.0,8.5,8.058,0.419,8.477,-0.023
Orthodox.tokiwa.0,13.7,12.249,1.471,13.72,0.02
Palescreen.WyvernPfeatMadol.0,5.5,5.059,0.44,5.499,-0.001
Palescreen.WyvernPfeatMadol.0,12.3,11.647,0.653,12.3,-0.0
Palescreen.WyvernPfeatMadol.0,15.9,14.501,1.389,15.89,-0.01
PANICPARADISE.DJSHIONY.0,6.5,6.036,0.458,6.494,-0.006
PANICPARADISE.DJSHIONY.0,11.5,10.869,0.638,11.507,0.007
PANICPARADISE.DJSHIONY.0,15.4,14.222,1.173,15.395,-0.005
PANICPARADISE.DJSHIONY.0,16.5,14.561,1.936,16.497,-0.003
ParallelRetrogressionGameVer.Tetrajectory.0,7.0,6.495,0.511,7.006,0.006
ParallelRetrogressionGameVer.Tetrajectory.0,10.9,10.267,0.626,10.893,-0.007
ParallelRetrogressionGameVer.Tetrajectory.0,14.2,13.127,1.091,14.217,0.017
parsey.siqlo.0,4.0,3.643,0.381,4.024,0.024
parsey.siqlo.0,11.7,11.292,0.421,11.712,0.012
parsey.siqlo.0,14.6,13.505,1.103,14.607,0.007
PixelRebelz.Normal1zer.0,4.5,4.109,0.386,4.495,-0.005
PixelRebelz.Normal1zer.0,9.7,9.109,0.572,9.681,-0.019
PixelRebelz.Normal1zer.0,15.3,13.261,2.036,15.296,-0.004
PoisonANDORAffection.LeaF.0,3.5,3.058,0.45,3.508,0.008
PoisonANDORAffection.LeaF.0,9.9,9.515,0.393,9.907,0.007
PoisonANDORAffection.LeaF.0,15.7,14.026,1.682,15.709,0.009
Pontdessouvenirs.VeetaCrushvsitsufeatitsu.0,5.5,5.047,0.464,5.511,0.011
Pontdessouvenirs.VeetaCrushvsitsufeatitsu.0,10.7,10.164,0.532,10.695,-0.005
Pontdessouvenirs.VeetaCrushvsitsufeatitsu.0,15.3,14.318,0.99,15.309,0.009
Poseidon.1112vsStar.0,6.0,5.42,0.581,6.001,0.001
Poseidon.1112vsStar.0,8.8,8.339,0.437,8.775,-0.025
Poseidon.1112vsStar.0,12.8,12.263,0.529,12.792,-0.008
Poseidon.1112vsStar.0,16.2,14.292,1.912,16.204,0.004
PRAGMATISMRESURRECTION.Laur.0,7.5,6.486,1.023,7.509,0.009
PRAGMATISMRESURRECTION.Laur.0,12.9,12.348,0.541,12.889,-0.011
PRAGMATISMRESURRECTION.Laur.0,16.0,14.699,1.281,15.98,-0.02
PRAGMATISMRESURRECTION.Laur.0,16.6,14.932,1.667,16.599,-0.001
PRAW.Bluewind.0,6.0,5.494,0.513,6.006,0.006
PRAW.Bluewind.0,10.6,10.156,0.434,10.59,-0.01
PRAW.Bluewind.0,15.1,13.391,1.711,15.101,0.001
Protoflicker.Silentroom.0,3.5,3.12,0.368,3.489,-0.011
Protoflicker.Silentroom.0,9.7,9.189,0.515,9.704,0.004
Protoflicker.Silentroom.0,15.4,13.837,1.564,15.401,0.001
QuantumHyperspace.D_AAN.0,6.0,5.539,0.49,6.029,0.029
QuantumHyperspace.D_AAN.0,11.2,10.215,0.989,11.203,0.003
QuantumHyperspace.D_AAN.0,15.0,13.489,1.514,15.004,0.004
QZKagoRequiem.tpazolite.0,7.0,6.611,0.402,7.013,0.013
QZKagoRequiem.tpazolite.0,13.3,12.347,0.951,13.299,-0.001
QZKagoRequiem.tpazolite.0,16.3,14.573,1.725,16.299,-0.001
QZKagoRequiem.tpazolite.0,17.4,13.837,3.565,17.402,0.002
Radiance.Nhato.0,3.5,3.098,0.395,3.493,-0.007
Radiance.Nhato.0,11.9,11.253,0.647,11.9,0.0
Radiance.Nhato.0,14.0,13.298,0.713,14.011,0.011
Radiance.Nhato.0,15.6,14.184,1.437,15.621,0.021
RainyHeart.BelieverInYou阿卡姆巫师.0,4.0,3.638,0.366,4.004,0.004
RainyHeart.BelieverInYou阿卡姆巫师.0,9.4,8.902,0.476,9.378,-0.022
RainyHeart.BelieverInYou阿卡姆巫师.0,12.9,12.341,0.553,12.895,-0.005
RainySeason.AbyssIdols.0,5.5,5.152,0.355,5.506,0.006
RainySeason.AbyssIdols.0,10.7,9.966,0.739,10.704,0.004
RainySeason.AbyssIdols.0,14.2,13.287,0.922,14.21,0.01
Ramification.rareguyReina.0,5.0,4.609,0.388,4.996,-0.004
Ramification.rareguyReina.0,10.4,9.854,0.526,10.38,-0.02
Ramification.rareguyReina.0,14.8,13.928,0.838,14.767,-0.033
Random.SobremSilentroom.0,5.5,5.093,0.411,5.504,0.004
Random.SobremSilentroom.0,12.2,11.313,0.88,12.193,-0.007
Random.SobremSilentroom.0,14.7,13.663,1.036,14.699,-0.001
Realms.HinkikAHimitsu.0,3.5,3.185,0.339,3.525,0.025
Realms.HinkikAHimitsu.0,10.2,9.58,0.596,10.176,-0.024
Realms.HinkikAHimitsu.0,13.8,12.94,0.857,13.797,-0.003
Rebirth.ああああ.0,6.0,5.551,0.45,6.001,0.001
Rebirth.ああああ.0,12.0,11.37,0.648,12.018,0.018
Rebirth.ああああ.0,15.4,14.3,1.085,15.386,-0.014
ReEndofaDream.umavsモリモリあつし.0,7.5,7.029,0.468,7.497,-0.003
ReEndofaDream.umavsモリモリあつし.0,13.0,12.076,0.906,12.982,-0.018
ReEndofaDream.umavsモリモリあつし.0,15.9,14.192,1.721,15.914,0.014
ReEndofaDream.umavsモリモリあつし.0,16.9,14.807,2.085,16.892,-0.008
Reimei.影虎.0,6.5,6.004,0.476,6.481,-0.019
Reimei.影虎.0,11.7,11.084,0.611,11.695,-0.005
Reimei.影虎.0,15.1,13.532,1.556,15.087,-0.013
Resolver.Gomadare.0,3.0,2.547,0.461,3.007,0.007
Resolver.Gomadare.0,8.4,7.881,0.503,8.385,-0.015
Resolver.Gomadare.0,14.4,13.264,1.15,14.414,0.014
RESSiSTANCE.ぐるたみん.0,6.5,6.055,0.464,6.519,0.019
RESSiSTANCE.ぐるたみん.0,11.2,10.387,0.846,11.233,0.033
RESSiSTANCE.ぐるたみん.0,16.1,14.659,1.441,16.1,-0.0
Retribution.nmyKryexe.0,6.0,5.416,0.588,6.004,0.004
Retribution.nmyKryexe.0,11.6,10.608,1.006,11.614,0.014
Retribution.nmyKryexe.0,16.2,14.504,1.691,16.194,-0.006
RetributionCycleofRedemption.ArdolfvsDaily天利.0,6.0,5.596,0.407,6.003,0.003
RetributionCycleofRedemption.ArdolfvsDaily天利.0,11.3,10.812,0.476,11.287,-0.013
RetributionCycleofRedemption.ArdolfvsDaily天利.0,16.2,14.589,1.615,16.204,0.004
Re_NascencePsystyleVer.Rinth_live.0,5.5,5.104,0.418,5.521,0.021
Re_NascencePsystyleVer.Rinth_live.0,11.7,10.799,0.902,11.7,0.0
Re_NascencePsystyleVer.Rinth_live.0,14.4,13.237,1.15,14.387,-0.013
RIPPER.Friedwav.0,6.5,6.066,0.433,6.499,-0.001
RIPPER.Friedwav.0,11.7,11.084,0.593,11.677,-0.023
RIPPER.Friedwav.0,15.4,13.682,1.72,15.402,0.002
Rrharil.TeamGrimoire.0,7.0,6.577,0.418,6.995,-0.005
Rrharil.TeamGrimoire.0,12.7,11.875,0.828,12.704,0.004
Rrharil.TeamGrimoire.0,16.1,14.11,1.997,16.108,0.008
Rrharil.TeamGrimoire.0,17.6,15.23,2.367,17.597,-0.003
RubbishSorting.CtymaxvsNceS.0,3.5,3.129,0.35,3.479,-0.021
RubbishSorting.CtymaxvsNceS.0,9.4,8.975,0.425,9.4,0.0
RubbishSorting.CtymaxvsNceS.0,13.1,12.421,0.686,13.107,0.007
SATELLITE.かめりあ.0,5.0,4.465,0.533,4.998,-0.002
SATELLITE.かめりあ.0,9.9,9.345,0.57,9.914,0.014
SATELLITE.かめりあ.0,14.3,13.333,0.971,14.304,0.004
SATELLITE.かめりあ.0,16.2,14.233,1.966,16.2,-0.0
Schadenfreude.ZxNX.0,4.5,4.062,0.462,4.524,0.024
Schadenfreude.ZxNX.0,10.6,10.064,0.515,10.578,-0.022
Schadenfreude.ZxNX.0,15.1,13.84,1.275,15.115,0.015
SecretIllumination.Yooh.0,5.0,4.589,0.424,5.013,0.013
SecretIllumination.Yooh.0,10.2,9.45,0.746,10.196,-0.004
SecretIllumination.Yooh.0,14.7,13.783,0.931,14.715,0.015
Sein.朔Apo11oprogramvsお月さま交響曲ftkuroa荒巻.0,5.0,4.649,0.351,5.0,-0.0
Sein.朔Apo11oprogramvsお月さま交響曲ftkuroa荒巻.0,10.1,9.663,0.44,10.103,0.003
Sein.朔Apo11oprogramvsお月さま交響曲ftkuroa荒巻.0,15.1,14.142,0.946,15.088,-0.012
Shadow.SumaiLightvs姜米條.0,6.5,6.076,0.428,6.504,0.004
Shadow.SumaiLightvs姜米條.0,10.5,9.942,0.54,10.482,-0.018
Shadow.SumaiLightvs姜米條.0,14.6,13.675,0.923,14.598,-0.002
Shadow.SumaiLightvs姜米條.0,16.2,14.507,1.679,16.186,-0.014
Shelter.MeatyRabbitNceS.0,3.5,3.13,0.359,3.489,-0.011
Shelter.MeatyRabbitNceS.0,8.8,8.349,0.438,8.787,-0.013
Shelter.MeatyRabbitNceS.0,13.2,12.436,0.766,13.201,0.001
ShineAfter.ADeanJocularACE.0,4.0,3.617,0.364,3.981,-0.019
ShineAfter.ADeanJocularACE.0,9.7,9.026,0.675,9.701,0.001
ShineAfter.ADeanJocularACE.0,14.6,13.684,0.904,14.588,-0.012
SIGMA.Kryexe.0,5.0,4.688,0.315,5.003,0.003
SIGMA.Kryexe.0,10.5,10.131,0.357,10.488,-0.012
SIGMA.Kryexe.0,15.8,14.531,1.261,15.792,-0.008
SilenceisGoldenSpeechisGolden.NIWASHI.0,5.0,4.627,0.395,5.022,0.022
SilenceisGoldenSpeechisGolden.NIWASHI.0,9.3,8.593,0.706,9.299,-0.001
SilenceisGoldenSpeechisGolden.NIWASHI.0,15.6,14.137,1.465,15.601,0.001
slips.rintarosoma.0,7.5,7.058,0.412,7.469,-0.031
slips.rintarosoma.0,12.8,11.837,0.958,12.795,-0.005
slips.rintarosoma.0,16.0,14.685,1.302,15.987,-0.013
slips.rintarosoma.0,16.8,14.969,1.834,16.802,0.002
SnowDesert.WyvernP.0,5.0,4.529,0.474,5.003,0.003
SnowDesert.WyvernP.0,10.3,9.808,0.488,10.296,-0.004
SnowDesert.WyvernP.0,13.4,12.45,0.948,13.398,-0.002
SolaggyfeatUzumaki.ShrimpCatsはぁち後藤涼輔.0,5.0,4.625,0.381,5.006,0.006
SolaggyfeatUzumaki.ShrimpCatsはぁち後藤涼輔.0,9.5,9.033,0.478,9.511,0.011
SolaggyfeatUzumaki.ShrimpCatsはぁち後藤涼輔.0,14.6,13.161,1.439,14.6,-0.0
SparkleNewLife.rider.0,4.0,3.737,0.277,4.014,0.014
SparkleNewLife.rider.0,9.2,8.663,0.573,9.236,0.036
SparkleNewLife.rider.0,12.8,11.909,0.878,12.788,-0.012
Spasmodic.姜米條颶風元力上人.0,8.2,7.786,0.432,8.218,0.018
Spasmodic.姜米條颶風元力上人.0,13.3,12.435,0.847,13.282,-0.018
Spasmodic.姜米條颶風元力上人.0,15.5,13.942,1.561,15.502,0.002
Spasmodic.姜米條颶風元力上人.0,16.7,14.688,2.008,16.696,-0.004
SpeedUp.DarTokki.0,4.5,4.128,0.391,4.519,0.019
SpeedUp.DarTokki.0,10.3,9.75,0.517,10.267,-0.033
SpeedUp.DarTokki.0,14.0,13.102,0.894,13.995,-0.005
Spotlight.Ardolf.0,4.5,4.174,0.301,4.476,-0.024
Spotlight.Ardolf.0,9.9,9.441,0.458,9.899,-0.001
Spotlight.Ardolf.0,14.4,13.303,1.132,14.436,0.036
Starduster.Quree.0,5.5,5.175,0.328,5.503,0.003
Starduster.Quree.0,11.4,10.704,0.695,11.399,-0.001
Starduster.Quree.0,15.2,13.727,1.46,15.187,-0.013
StardustRAY.kanonevsBlackY.0,6.0,5.635,0.38,6.016,0.016
StardustRAY.kanonevsBlackY.0,12.3,11.268,1.024,12.292,-0.008
StardustRAY.kanonevsBlackY.0,16.5,14.961,1.54,16.502,0.002
StardustRAY.kanonevsBlackY.0,17.2,15.126,2.069,17.195,-0.005
Stasis.Maozon.0,5.0,4.669,0.337,5.006,0.006
Stasis.Maozon.0,10.1,9.251,0.842,10.093,-0.007
Stasis.Maozon.0,15.3,13.649,1.657,15.307,0.007
Stasis.Maozon.0,16.7,14.225,2.476,16.701,0.001
SultanRage.MonstDeath.0,4.0,3.659,0.331,3.991,-0.009
SultanRage.MonstDeath.0,7.0,6.604,0.382,6.986,-0.014
SultanRage.MonstDeath.0,12.3,11.683,0.603,12.286,-0.014
SURREALISM.Itsuki.0,5.0,4.643,0.35,4.993,-0.007
SURREALISM.Itsuki.0,9.4,8.974,0.41,9.384,-0.016
SURREALISM.Itsuki.0,13.4,12.41,0.973,13.383,-0.017
SwingSkipDrop.ミハイル.0,4.5,4.051,0.443,4.495,-0.005
SwingSkipDrop.ミハイル.0,9.1,8.71,0.384,9.094,-0.006
SwingSkipDrop.ミハイル.0,15.5,13.952,1.557,15.509,0.009
TECHNOPOLIS2085.PRASTIKDANCEFLOOR.0,5.0,4.58,0.417,4.997,-0.003
TECHNOPOLIS2085.PRASTIKDANCEFLOOR.0,10.2,9.7,0.507,10.207,0.007
TECHNOPOLIS2085.PRASTIKDANCEFLOOR.0,14.1,12.941,1.157,14.098,-0.002
TECHNOPOLIS2085.PRASTIKDANCEFLOOR.0,15.9,14.794,1.1,15.894,-0.006
TemporalShifting.LureRabbitVC.0,4.0,3.637,0.351,3.988,-0.012
TemporalShifting.LureRabbitVC.0,11.5,10.967,0.511,11.478,-0.022
TemporalShifting.LureRabbitVC.0,15.2,13.78,1.405,15.185,-0.015
TheChariotREVIIVAL.Attoclef.0,5.0,4.653,0.349,5.002,0.002
TheChariotREVIIVAL.Attoclef.0,9.0,8.541,0.473,9.014,0.014
TheChariotREVIIVAL.Attoclef.0,14.0,12.819,1.202,14.021,0.021
TheMountainEater.PaulBazooka.0,5.5,5.212,0.288,5.5,0.0
TheMountainEater.PaulBazooka.0,9.6,9.056,0.532,9.588,-0.012
TheMountainEater.PaulBazooka.0,14.8,13.541,1.257,14.798,-0.002
TheWholeRest.KIVΛ.0,5.0,4.539,0.455,4.994,-0.006
TheWholeRest.KIVΛ.0,9.6,9.012,0.589,9.601,0.001
TheWholeRest.KIVΛ.0,13.6,12.657,0.983,13.64,0.04
Thrashforce.KAHvsE0ri4.0,4.5,4.051,0.434,4.486,-0.014
Thrashforce.KAHvsE0ri4.0,10.7,10.11,0.601,10.711,0.011
Thrashforce.KAHvsE0ri4.0,15.3,14.192,1.101,15.294,-0.006
TimetoNightSkyfeatLeeYuJin.HyuNKLYDIX.0,3.0,2.689,0.32,3.01,0.01
TimetoNightSkyfeatLeeYuJin.HyuNKLYDIX.0,10.1,9.43,0.672,10.103,0.003
TimetoNightSkyfeatLeeYuJin.HyuNKLYDIX.0,13.6,12.693,0.916,13.61,0.01
Trane.MALVA.0,1.5,1.069,0.433,1.502,0.002
Trane.MALVA.0,7.0,6.515,0.486,7.001,0.001
Trane.MALVA.0,14.2,13.297,0.903,14.2,-0.0
TriumphRegret.typeMARS.0,5.0,4.46,0.533,4.993,-0.007
TriumphRegret.typeMARS.0,10.0,9.239,0.76,9.999,-0.001
TriumphRegret.typeMARS.0,15.0,13.448,1.559,15.008,0.008
Trojan.litmus.0,5.5,5.096,0.397,5.494,-0.006
Trojan.litmus.0,10.8,10.1,0.708,10.807,0.007
Trojan.litmus.0,15.0,13.149,1.853,15.002,0.002
UnorthodoxThoughts.Joulez.0,5.5,4.802,0.706,5.508,0.008
UnorthodoxThoughts.Joulez.0,12.0,11.31,0.676,11.985,-0.015
UnorthodoxThoughts.Joulez.0,13.9,12.977,0.923,13.9,0.0
Upshift.Iriss-Frantzz.0,6.0,5.375,0.649,6.024,0.024
Upshift.Iriss-Frantzz.0,10.8,10.268,0.55,10.818,0.018
Upshift.Iriss-Frantzz.0,15.5,14.323,1.173,15.496,-0.004
valorstarcross.LundyvsWyvren.0,6.5,6.077,0.435,6.512,0.012
valorstarcross.LundyvsWyvren.0,12.7,11.824,0.906,12.731,0.031
valorstarcross.LundyvsWyvren.0,15.8,14.532,1.271,15.802,0.002
Verruckt.Raimukun.0,7.0,6.667,0.324,6.991,-0.009
Verruckt.Raimukun.0,12.6,11.988,0.605,12.593,-0.007
Verruckt.Raimukun.0,16.5,14.868,1.627,16.495,-0.005
volcanic.DETROakaルゼ.0,7.5,6.487,1.015,7.503,0.003
volcanic.DETROakaルゼ.0,12.1,10.993,1.116,12.109,0.009
volcanic.DETROakaルゼ.0,14.7,12.925,1.784,14.709,0.009
volcanic.DETROakaルゼ.0,16.6,12.86,3.74,16.6,-0.0
WATER.A39沙包P.0,4.5,4.142,0.365,4.507,0.007
WATER.A39沙包P.0,9.4,8.623,0.788,9.411,0.011
WATER.A39沙包P.0,13.6,12.73,0.865,13.594,-0.006
Wavetapper.Frums.0,6.0,5.594,0.421,6.015,0.015
Wavetapper.Frums.0,9.4,8.92,0.481,9.4,0.0
Wavetapper.Frums.0,13.9,12.97,0.931,13.9,0.0
Wintercube.CtymaxfeatNceS.0,3.5,3.1,0.405,3.506,0.006
Wintercube.CtymaxfeatNceS.0,8.2,7.608,0.588,8.196,-0.004
Wintercube.CtymaxfeatNceS.0,13.3,12.277,1.018,13.296,-0.004
WithYou.Cashew.0,3.5,3.106,0.407,3.513,0.013
WithYou.Cashew.0,9.1,8.486,0.599,9.086,-0.014
WithYou.Cashew.0,13.5,12.16,1.343,13.503,0.003
Xenolith.Tatsh.0,4.0,3.549,0.446,3.995,-0.005
Xenolith.Tatsh.0,8.5,8.003,0.511,8.514,0.014
Xenolith.Tatsh.0,14.2,13.21,0.993,14.203,0.003
Xenophobia.XinG.0,6.5,6.137,0.353,6.489,-0.011
Xenophobia.XinG.0,12.7,11.813,0.869,12.682,-0.018
Xenophobia.XinG.0,14.9,13.013,1.899,14.912,0.012
Xepion.Acotto.0,2.5,2.151,0.353,2.504,0.004
Xepion.Acotto.0,9.8,9.424,0.377,9.802,0.002
Xepion.Acotto.0,14.8,13.78,1.025,14.805,0.005
XING.ginkiha.0,5.5,5.146,0.357,5.503,0.003
XING.ginkiha.0,9.9,9.423,0.477,9.9,0.0
XING.ginkiha.0,13.9,13.018,0.889,13.907,0.007
YouaretheMiserable.tpazolite.0,6.0,5.663,0.34,6.003,0.003
YouaretheMiserable.tpazolite.0,11.7,10.978,0.708,11.686,-0.014
YouaretheMiserable.tpazolite.0,14.1,12.99,1.112,14.102,0.002
YouaretheMiserable.tpazolite.0,15.8,13.636,2.169,15.804,0.004
いざ参ります.Uskefeat棗いつき.0,3.5,3.228,0.284,3.512,0.012
いざ参ります.Uskefeat棗いつき.0,9.2,8.776,0.449,9.225,0.025
いざ参ります.Uskefeat棗いつき.0,15.0,13.26,1.739,14.999,-0.001
ぱぴぷぴぷぴぱ.ころねぽちWith立秋.0,5.0,4.414,0.589,5.002,0.002
ぱぴぷぴぷぴぱ.ころねぽちWith立秋.0,12.3,10.964,1.34,12.304,0.004
ぱぴぷぴぷぴぱ.ころねぽちWith立秋.0,15.9,14.672,1.226,15.898,-0.002
もぺもぺ.LeaF.0,2.0,1.686,0.32,2.006,0.006
もぺもぺ.LeaF.0,6.5,6.085,0.407,6.491,-0.009
もぺもぺ.LeaF.0,11.1,10.717,0.387,11.103,0.003
もぺもぺ.LeaF.0,15.4,14.117,1.277,15.394,-0.006
アンビバレンス.すりぃ相沢.0,4.0,3.523,0.486,4.009,0.009
アンビバレンス.すりぃ相沢.0,8.7,8.203,0.498,8.702,0.002
アンビバレンス.すりぃ相沢.0,14.1,12.636,1.487,14.123,0.023
インフェルノシティ.Ponchifeatはぁち.0,4.5,3.891,0.601,4.493,-0.007
インフェルノシティ.Ponchifeatはぁち.0,11.5,10.917,0.585,11.502,0.002
インフェルノシティ.Ponchifeatはぁち.0,15.7,13.378,2.329,15.707,0.007
インマイマインド.レシオP.0,1.5,1.133,0.378,1.511,0.011
インマイマインド.レシオP.0,9.2,8.715,0.461,9.175,-0.025
インマイマインド.レシオP.0,12.2,11.69,0.504,12.194,-0.006
ジングルベルJingleBell.A39沙包P.0,4.5,3.98,0.533,4.513,0.013
ジングルベルJingleBell.A39沙包P.0,8.5,8.011,0.496,8.506,0.006
ジングルベルJingleBell.A39沙包P.0,14.5,13.217,1.276,14.492,-0.008
ストレイソウルアラウンド.みーに.0,6.0,5.585,0.442,6.027,0.027
ストレイソウルアラウンド.みーに.0,9.8,9.201,0.589,9.79,-0.01
ストレイソウルアラウンド.みーに.0,14.3,13.188,1.122,14.311,0.011
ニライカナイNiraicA_naiMix.roopfromSTR.0,3.0,2.714,0.314,3.028,0.028
ニライカナイNiraicA_naiMix.roopfromSTR.0,8.3,7.905,0.384,8.289,-0.011
ニライカナイNiraicA_naiMix.roopfromSTR.0,13.5,12.555,0.948,13.503,0.003
万吨匿名信.闫东炜.0,4.5,4.188,0.304,4.492,-0.008
万吨匿名信.闫东炜.0,9.5,8.84,0.67,9.51,0.01
万吨匿名信.闫东炜.0,13.3,12.2,1.098,13.299,-0.001
下一秒.BobHouSherlock卓智媛feat兰音Reine.0,4.0,3.659,0.344,4.003,0.003
下一秒.BobHouSherlock卓智媛feat兰音Reine.0,8.5,8.143,0.348,8.492,-0.008
下一秒.BobHouSherlock卓智媛feat兰音Reine.0,13.2,12.637,0.551,13.188,-0.012
云女孩.符白牙SiYFics.0,2.0,1.641,0.364,2.005,0.005
云女孩.符白牙SiYFics.0,8.9,8.412,0.479,8.891,-0.009
云女孩.符白牙SiYFics.0,12.8,12.007,0.792,12.799,-0.001
今天不是明天.PIKASONICfeat兰音Reine.0,2.5,2.098,0.403,2.502,0.002
今天不是明天.PIKASONICfeat兰音Reine.0,8.3,7.76,0.542,8.302,0.002
今天不是明天.PIKASONICfeat兰音Reine.0,13.4,12.234,1.179,13.413,0.013
光.姜米條.0,2.0,1.656,0.346,2.001,0.001
光.姜米條.0,7.5,7.129,0.36,7.489,-0.011
光.姜米條.0,12.4,11.891,0.498,12.389,-0.011
千紫万紅.r0yvsWABI.0,4.5,4.043,0.465,4.508,0.008
千紫万紅.r0yvsWABI.0,12.1,11.522,0.565,12.087,-0.013
千紫万紅.r0yvsWABI.0,15.5,13.95,1.55,15.5,0.0
双重间谍DoubleAgent.WAVAV.0,4.5,4.145,0.378,4.523,0.023
双重间谍DoubleAgent.WAVAV.0,11.8,11.177,0.669,11.846,0.046
双重间谍DoubleAgent.WAVAV.0,15.7,13.93,1.768,15.698,-0.002
君往何处QuoVadis.M2U.0,4.0,3.641,0.351,3.992,-0.008
君往何处QuoVadis.M2U.0,8.6,8.149,0.419,8.568,-0.032
君往何处QuoVadis.M2U.0,14.1,12.817,1.299,14.116,0.016
大和撫子WildDances.adapatorvsDRIVE.0,5.5,5.187,0.297,5.484,-0.016
大和撫子WildDances.adapatorvsDRIVE.0,11.8,11.185,0.602,11.787,-0.013
大和撫子WildDances.adapatorvsDRIVE.0,15.1,13.381,1.718,15.099,-0.001
宇宙残骸少女CosmicDustyGirl.辻原一郎.0,6.0,5.634,0.345,5.979,-0.021
宇宙残骸少女CosmicDustyGirl.辻原一郎.0,10.2,9.728,0.471,10.199,-0.001
宇宙残骸少女CosmicDustyGirl.辻原一郎.0,13.7,12.961,0.734,13.696,-0.004
尊師TheGuru.rider.0,6.0,5.62,0.412,6.032,0.032
尊師TheGuru.rider.0,11.6,10.748,0.862,11.61,0.01
尊師TheGuru.rider.0,15.4,14.028,1.345,15.373,-0.027
幻影鬼魅PLEASE.R300K.0,5.5,5.197,0.304,5.501,0.001
幻影鬼魅PLEASE.R300K.0,9.6,9.079,0.527,9.606,0.006
幻影鬼魅PLEASE.R300K.0,15.2,13.872,1.321,15.193,-0.007
幻影鬼魅PLEASE.R300K.0,17.0,15.03,1.977,17.006,0.006
幽世桔梗.Capchiifeatまるもこ.0,4.5,4.095,0.399,4.494,-0.006
幽世桔梗.Capchiifeatまるもこ.0,10.1,9.706,0.402,10.108,0.008
幽世桔梗.Capchiifeatまるもこ.0,14.8,13.592,1.204,14.796,-0.004
开心病.闫东炜.0,7.0,6.442,0.572,7.014,0.014
开心病.闫东炜.0,11.9,11.083,0.809,11.891,-0.009
开心病.闫东炜.0,13.8,12.396,1.426,13.822,0.022
彩.MisoilePunch.0,6.0,5.53,0.464,5.995,-0.005
彩.MisoilePunch.0,12.5,11.744,0.75,12.494,-0.006
彩.MisoilePunch.0,16.4,14.55,1.836,16.386,-0.014
彼方へ名もなき海辺より.打打だいず&月乃.0,3.5,3.105,0.39,3.495,-0.005
彼方へ名もなき海辺より.打打だいず&月乃.0,8.1,7.654,0.444,8.099,-0.001
彼方へ名もなき海辺より.打打だいず&月乃.0,14.5,13.746,0.762,14.508,0.008
心の記憶.A39沙包P.0,3.5,3.107,0.397,3.504,0.004
心の記憶.A39沙包P.0,9.1,8.473,0.627,9.1,-0.0
心の記憶.A39沙包P.0,13.3,12.513,0.789,13.303,0.003
心之所向.姜米條.0,4.0,3.601,0.385,3.986,-0.014
心之所向.姜米條.0,8.2,7.773,0.439,8.212,0.012
心之所向.姜米條.0,13.8,12.856,0.949,13.805,0.005
明鏡烈火.MUEvsRekuMochizuki.0,6.0,5.572,0.408,5.98,-0.02
明鏡烈火.MUEvsRekuMochizuki.0,11.1,10.638,0.49,11.128,0.028
明鏡烈火.MUEvsRekuMochizuki.0,15.9,14.544,1.352,15.896,-0.004
暗夜苏醒REANIMATE.Warak.0,5.0,4.539,0.473,5.012,0.012
暗夜苏醒REANIMATE.Warak.0,12.8,12.111,0.687,12.798,-0.002
暗夜苏醒REANIMATE.Warak.0,15.3,14.126,1.172,15.298,-0.002
最高傑作.PYKAMIA.0,4.5,4.023,0.461,4.484,-0.016
最高傑作.PYKAMIA.0,9.3,8.818,0.48,9.299,-0.001
最高傑作.PYKAMIA.0,13.9,13.142,0.769,13.911,0.011
月下缭乱.月見静華vsLUNARiUM.0,4.5,4.081,0.427,4.508,0.008
月下缭乱.月見静華vsLUNARiUM.0,9.4,8.827,0.569,9.397,-0.003
月下缭乱.月見静華vsLUNARiUM.0,14.9,13.999,0.904,14.903,0.003
月詠に鳴る.Feryquitousfeat藍月なくる.0,6.0,5.605,0.389,5.994,-0.006
月詠に鳴る.Feryquitousfeat藍月なくる.0,11.4,10.867,0.535,11.402,0.002
月詠に鳴る.Feryquitousfeat藍月なくる.0,14.5,13.422,1.077,14.499,-0.001
月詠に鳴る.Feryquitousfeat藍月なくる.0,15.7,14.07,1.622,15.692,-0.008
望影の方舟Six.SeURa.0,6.5,6.229,0.277,6.506,0.006
望影の方舟Six.SeURa.0,11.9,11.424,0.457,11.881,-0.019
望影の方舟Six.SeURa.0,15.9,14.08,1.82,15.9,0.0
桜樹街道.kozatosnow.0,3.5,3.104,0.396,3.501,0.001
桜樹街道.kozatosnow.0,8.1,7.673,0.443,8.116,0.016
桜樹街道.kozatosnow.0,13.0,12.498,0.5,12.997,-0.003
混乱Confusion.OnlyMyBlackScore.0,4.0,3.555,0.464,4.019,0.019
混乱Confusion.OnlyMyBlackScore.0,10.0,9.539,0.447,9.986,-0.014
混乱Confusion.OnlyMyBlackScore.0,14.8,13.183,1.607,14.79,-0.01
游园地.椒盐菠萝.0,2.5,2.119,0.382,2.5,0.0
游园地.椒盐菠萝.0,7.5,6.759,0.732,7.491,-0.009
游园地.椒盐菠萝.0,13.2,12.515,0.672,13.187,-0.013
狂喜蘭舞.LeaF.0,7.0,6.661,0.331,6.992,-0.008
狂喜蘭舞.LeaF.0,11.7,11.313,0.369,11.682,-0.018
狂喜蘭舞.LeaF.0,14.3,13.303,1.001,14.304,0.004
狂喜蘭舞.LeaF.0,16.4,14.576,1.814,16.391,-0.009
玩具狂奏曲終焉.きくお.0,8.4,7.912,0.486,8.398,-0.002
玩具狂奏曲終焉.きくお.0,13.1,12.597,0.496,13.093,-0.007
玩具狂奏曲終焉.きくお.0,15.8,14.228,1.578,15.806,0.006
玩具狂奏曲終焉.きくお.0,17.0,14.83,2.168,16.998,-0.002
瓷岁.茶鸣拾贰律.0,2.0,1.579,0.414,1.993,-0.007
瓷岁.茶鸣拾贰律.0,6.5,6.049,0.43,6.479,-0.021
瓷岁.茶鸣拾贰律.0,7.0,6.402,0.598,7.001,0.001
白と黒のバケモノ.テヅカ.0,4.0,3.535,0.475,4.01,0.01
白と黒のバケモノ.テヅカ.0,11.4,10.541,0.869,11.41,0.01
白と黒のバケモノ.テヅカ.0,15.9,14.537,1.352,15.889,-0.011
百鬼夜行.SaladSavior.0,4.5,4.176,0.328,4.504,0.004
百鬼夜行.SaladSavior.0,10.1,9.569,0.541,10.11,0.01
百鬼夜行.SaladSavior.0,15.8,14.597,1.196,15.793,-0.007
盏茗.茶鸣拾贰律.0,1.5,1.045,0.458,1.502,0.002
盏茗.茶鸣拾贰律.0,4.5,4.023,0.466,4.489,-0.011
盏茗.茶鸣拾贰律.0,13.4,12.547,0.852,13.399,-0.001
祈-我ら神祖と共に歩む者なり-.光吉猛修VS穴山大輔VSKaiVS水野健治VS大国奏音.0,7.0,6.297,0.699,6.997,-0.003
祈-我ら神祖と共に歩む者なり-.光吉猛修VS穴山大輔VSKaiVS水野健治VS大国奏音.0,13.2,12.011,1.196,13.207,0.007
祈-我ら神祖と共に歩む者なり-.光吉猛修VS穴山大輔VSKaiVS水野健治VS大国奏音.0,16.4,14.146,2.26,16.406,0.006
祈-我ら神祖と共に歩む者なり-.光吉猛修VS穴山大輔VSKaiVS水野健治VS大国奏音.0,17.3,14.852,2.437,17.289,-0.011
神話.PicaM2U.0,4.0,3.688,0.307,3.995,-0.005
神話.PicaM2U.0,8.7,8.174,0.525,8.699,-0.001
神話.PicaM2U.0,13.5,12.484,1.024,13.508,0.008
聖夜讃歌.A39沙包P.0,4.5,4.062,0.449,4.51,0.01
聖夜讃歌.A39沙包P.0,10.1,9.73,0.39,10.12,0.02
聖夜讃歌.A39沙包P.0,15.2,13.708,1.489,15.197,-0.003
華灯爱.闫东炜.0,6.0,5.455,0.549,6.004,0.004
華灯爱.闫东炜.0,10.6,10.006,0.596,10.602,0.002
華灯爱.闫东炜.0,13.7,12.782,0.911,13.693,-0.007
萤火虫の怨.闫东炜.0,4.0,3.739,0.258,3.996,-0.004
萤火虫の怨.闫东炜.0,9.8,9.271,0.535,9.806,0.006
萤火虫の怨.闫东炜.0,13.0,11.975,1.019,12.994,-0.006
蝎虎天体Lacertid.CreamvsDaily天利.0,4.5,4.045,0.436,4.482,-0.018
蝎虎天体Lacertid.CreamvsDaily天利.0,10.8,10.408,0.398,10.807,0.007
蝎虎天体Lacertid.CreamvsDaily天利.0,15.5,13.767,1.723,15.49,-0.01
贝多芬祝福BeethovenBlessing.Nauts.0,4.5,4.178,0.328,4.506,0.006
贝多芬祝福BeethovenBlessing.Nauts.0,10.3,9.823,0.453,10.276,-0.024
贝多芬祝福BeethovenBlessing.Nauts.0,15.0,13.61,1.39,14.999,-0.001
重生.姜米條.0,4.5,4.16,0.345,4.505,0.005
重生.姜米條.0,8.8,8.375,0.423,8.798,-0.002
重生.姜米條.0,14.3,13.103,1.193,14.296,-0.004
雪降りメリクリ.A39.0,4.5,4.143,0.357,4.5,0.0
雪降りメリクリ.A39.0,10.8,10.362,0.428,10.79,-0.01
雪降りメリクリ.A39.0,15.4,14.101,1.271,15.372,-0.028
雪降り雪が降っている.AiSSw夜輪ft結月ゆかり.0,1.5,1.034,0.461,1.496,-0.004
雪降り雪が降っている.AiSSw夜輪ft結月ゆかり.0,7.5,7.115,0.355,7.47,-0.03
雪降り雪が降っている.AiSSw夜輪ft結月ゆかり.0,12.0,11.607,0.39,11.997,-0.003
雪降り雪が降っている.AiSSw夜輪ft結月ゆかり.0,14.0,13.339,0.651,13.991,-0.009
零號車輛.seatrus.0,7.5,7.022,0.491,7.513,0.013
零號車輛.seatrus.0,12.1,11.099,1.005,12.104,0.004
零號車輛.seatrus.0,16.2,14.581,1.612,16.193,-0.007
青丘.BLACK0.0,5.5,5.027,0.476,5.503,0.003
青丘.BLACK0.0,10.5,10.027,0.47,10.497,-0.003
青丘.BLACK0.0,15.5,13.921,1.574,15.495,-0.005
青芽.茶鸣拾贰律.0,5.0,4.556,0.435,4.992,-0.008
青芽.茶鸣拾贰律.0,10.4,9.938,0.452,10.39,-0.01
青芽.茶鸣拾贰律.0,15.2,13.711,1.479,15.19,-0.01
风屿.闫东炜.0,5.5,5.14,0.355,5.494,-0.006
风屿.闫东炜.0,9.8,9.217,0.586,9.804,0.004
风屿.闫东炜.0,14.0,12.81,1.191,14.001,0.001
风屿.闫东炜.0,15.1,13.638,1.461,15.1,-0.0
黄金之城GOLDTOWN.Memme.0,2.0,1.625,0.378,2.003,0.003
黄金之城GOLDTOWN.Memme.0,10.2,9.756,0.443,10.199,-0.001
黄金之城GOLDTOWN.Memme.0,14.7,13.507,1.183,14.691,-0.009
