name,level,true,gb,boost,pred,err,dim1_交互纵连,dim2_多押,dim3_位移,dim4_耐力,dim5_读谱
000AinSophAur.Yumeji.0,EZ,2.5,2.511,0.000,2.511,0.011,0.0,0.0,0.0,0.0,0.0
000AinSophAur.Yumeji.0,HD,8.4,8.379,0.000,8.379,-0.021,0.0,0.0,0.0,0.0,0.0
000AinSophAur.Yumeji.0,IN,14.4,14.391,0.000,14.391,-0.009,0.0,0.0,0.0,0.0,0.0
996.李化禹.0,EZ,4.0,4.001,0.000,4.001,0.001,0.0,0.0,0.0,0.0,0.0
996.李化禹.0,HD,9.4,9.382,0.000,9.382,-0.018,0.0,0.0,0.0,0.0,0.0
996.李化禹.0,IN,14.7,14.525,0.172,14.697,-0.003,0.0,0.0,0.0,0.0,0.5736
AbsoluTedisoRdeR.AcuteDisarray.0,EZ,6.5,6.507,0.000,6.507,0.007,0.0,0.0,0.0,0.0,0.0
AbsoluTedisoRdeR.AcuteDisarray.0,HD,12.4,12.403,0.003,12.406,0.006,0.0139,0.0,0.0,0.0,0.0
AbsoluTedisoRdeR.AcuteDisarray.0,IN,16.3,16.167,0.152,16.319,0.019,0.0677,0.0,0.0,0.1935,0.3415
AbsoluTedisoRdeR.AcuteDisarray.0,AT,17.2,16.332,0.866,17.198,-0.002,1.2505,0.4888,0.754,0.7143,0.9245
ABYSSMOTION192333.ariiolTSAR奏Sou.0,EZ,4.0,4.007,0.000,4.007,0.007,0.0,0.0,0.0,0.0,0.0
ABYSSMOTION192333.ariiolTSAR奏Sou.0,HD,9.8,9.830,0.000,9.830,0.030,0.0,0.0,0.0,0.0,0.0
ABYSSMOTION192333.ariiolTSAR奏Sou.0,IN,14.7,14.710,0.000,14.710,0.010,0.0,0.0,0.0,0.0,0.0
Adastraperaspera.RabbitHouse.0,EZ,6.5,6.539,0.000,6.539,0.039,0.0,0.0,0.0,0.0,0.0
Adastraperaspera.RabbitHouse.0,HD,12.1,12.092,0.000,12.092,-0.008,0.0,0.0,0.0,0.0,0.0
Adastraperaspera.RabbitHouse.0,IN,16.3,16.178,0.114,16.292,-0.008,0.0862,0.0,0.0,0.2857,0.1454
AfterDawn.S9ryne.0,EZ,3.0,2.989,0.011,3.000,-0.000,0.0,0.0,0.0591,0.0,0.0
AfterDawn.S9ryne.0,HD,10.4,10.398,0.000,10.398,-0.002,0.0,0.0,0.0,0.0,0.0
AfterDawn.S9ryne.0,IN,15.3,15.237,0.058,15.295,-0.005,0.0,0.0,0.2423,0.0,0.0494
AfterZABANIYAMUGEdit.Daily天利.0,EZ,5.0,5.010,0.000,5.010,0.010,0.0,0.0,0.0,0.0,0.0
AfterZABANIYAMUGEdit.Daily天利.0,HD,10.2,10.199,0.010,10.208,0.008,0.0,0.0,0.0553,0.0,0.0
AfterZABANIYAMUGEdit.Daily天利.0,IN,15.6,15.587,0.020,15.607,0.007,0.0455,0.0,0.0,0.0531,0.0
Ajourneytothemoonlight.Yesod.0,EZ,4.5,4.501,0.000,4.501,0.001,0.0,0.0,0.0,0.0,0.0
Ajourneytothemoonlight.Yesod.0,HD,10.7,10.718,0.000,10.718,0.018,0.0,0.0,0.0,0.0,0.0
Ajourneytothemoonlight.Yesod.0,IN,14.5,14.382,0.122,14.504,0.004,0.0,0.0,0.0,0.0,0.4062
Alb.Avans.0,EZ,3.5,3.505,0.000,3.505,0.005,0.0,0.0,0.0,0.0,0.0
Alb.Avans.0,HD,8.9,8.915,0.000,8.915,0.015,0.0,0.0,0.0,0.0,0.0
Alb.Avans.0,IN,14.7,14.692,0.000,14.692,-0.008,0.0,0.0,0.0,0.0,0.0
Aleph0.LeaF.0,EZ,3.5,3.374,0.127,3.501,0.001,0.0,0.0,0.0,0.0,0.4241
Aleph0.LeaF.0,HD,12.2,12.089,0.119,12.208,0.008,0.0,0.0,0.0,0.0,0.3955
Aleph0.LeaF.0,IN,16.0,15.827,0.172,15.999,-0.001,0.1314,0.0,0.2029,0.0424,0.3299
Aliceinaxxxxxxxx.Nagiha.0,EZ,5.0,4.990,0.000,4.990,-0.010,0.0,0.0,0.0,0.0,0.0
Aliceinaxxxxxxxx.Nagiha.0,HD,9.5,9.486,0.000,9.486,-0.014,0.0,0.0,0.0,0.0,0.0
Aliceinaxxxxxxxx.Nagiha.0,IN,15.8,15.768,0.014,15.782,-0.018,0.0,0.0,0.0,0.0,0.0481
AnotherMe.DAAN.0,EZ,5.0,5.003,0.000,5.003,0.003,0.0,0.0,0.0,0.0,0.0
AnotherMe.DAAN.0,HD,9.8,9.809,0.000,9.809,0.009,0.0,0.0,0.0,0.0,0.0
AnotherMe.DAAN.0,IN,15.6,15.362,0.240,15.602,0.002,0.0994,0.0,0.4525,0.1429,0.3686
AnotherMe.NeutralMoon.0,EZ,5.5,5.503,0.000,5.503,0.003,0.0,0.0,0.0,0.0,0.0
AnotherMe.NeutralMoon.0,HD,9.3,9.301,0.000,9.301,0.001,0.0,0.0,0.0,0.0,0.0
AnotherMe.NeutralMoon.0,IN,13.6,13.539,0.056,13.595,-0.005,0.0,0.0,0.0412,0.0,0.1615
AnotherRound.JustinDai.0,EZ,2.5,2.503,0.000,2.503,0.003,0.0,0.0,0.0,0.0,0.0
AnotherRound.JustinDai.0,HD,9.6,9.610,0.000,9.610,0.010,0.0,0.0,0.0,0.0,0.0
AnotherRound.JustinDai.0,IN,13.3,13.319,0.000,13.319,0.019,0.0,0.0,0.0,0.0,0.0
Antithese.Blacklolita.0,EZ,4.5,4.502,0.000,4.502,0.002,0.0,0.0,0.0,0.0,0.0
Antithese.Blacklolita.0,HD,10.8,10.804,0.002,10.806,0.006,0.0,0.0,0.0112,0.0,0.0
Antithese.Blacklolita.0,IN,15.4,15.402,0.000,15.402,0.002,0.0,0.0,0.0,0.0,0.0
Antithese.Blacklolita.0,AT,16.4,16.047,0.355,16.402,0.002,0.6827,0.432,0.375,0.1287,0.2378
Aphasia.闫东炜.0,EZ,4.0,4.000,0.000,4.000,-0.000,0.0,0.0,0.0,0.0,0.0
Aphasia.闫东炜.0,HD,8.8,8.758,0.042,8.799,-0.001,0.0,0.0,0.2306,0.0,0.0
Aphasia.闫东炜.0,IN,13.3,13.295,0.007,13.302,0.002,0.0,0.0,0.0384,0.0,0.0
AphroditesChildshortver.RUQOA.0,EZ,3.5,3.499,0.000,3.499,-0.001,0.0,0.0,0.0,0.0,0.0
AphroditesChildshortver.RUQOA.0,HD,8.1,8.100,0.000,8.100,-0.000,0.0,0.0,0.0,0.0,0.0
AphroditesChildshortver.RUQOA.0,IN,13.3,13.301,0.000,13.301,0.001,0.0,0.0,0.0,0.0,0.0
Apocalypse.アリスシャッハと魔法の楽団.0,EZ,4.0,4.004,0.000,4.004,0.004,0.0,0.0,0.0,0.0,0.0
Apocalypse.アリスシャッハと魔法の楽団.0,HD,8.6,8.583,0.027,8.610,0.010,0.0,0.0,0.0,0.0,0.0889
Apocalypse.アリスシャッハと魔法の楽団.0,IN,13.5,13.478,0.000,13.478,-0.022,0.0,0.0,0.0,0.0,0.0
Apocalyptic.ZClaxxSumaiLight.0,EZ,3.0,3.016,0.000,3.016,0.016,0.0,0.0,0.0,0.0,0.0
Apocalyptic.ZClaxxSumaiLight.0,HD,10.4,10.388,0.009,10.397,-0.003,0.0,0.0,0.0477,0.0,0.0
Apocalyptic.ZClaxxSumaiLight.0,IN,13.8,13.764,0.040,13.804,0.004,0.0,0.0,0.0,0.0,0.1339
Archidoxen.Se_IRA.0,EZ,4.0,4.013,0.000,4.013,0.013,0.0,0.0,0.0,0.0,0.0
Archidoxen.Se_IRA.0,HD,10.0,9.989,0.019,10.009,0.009,0.0,0.0,0.1074,0.0,0.0
Archidoxen.Se_IRA.0,IN,15.6,15.577,0.000,15.577,-0.023,0.0,0.0,0.0,0.0,0.0
Ark.kanoryo.0,EZ,3.5,3.512,0.000,3.512,0.012,0.0,0.0,0.0,0.0,0.0
Ark.kanoryo.0,HD,9.5,9.480,0.000,9.480,-0.020,0.0,0.0,0.0,0.0,0.0
Ark.kanoryo.0,IN,15.0,14.994,0.000,14.994,-0.006,0.0,0.0,0.0,0.0,0.0
Ark.kanoryo.0,AT,16.5,16.196,0.296,16.492,-0.008,0.5859,0.6788,0.3308,0.0,0.1336
Arkhei.SeraAmagi.0,EZ,7.5,7.504,0.002,7.506,0.006,0.011,0.0,0.0,0.0,0.0
Arkhei.SeraAmagi.0,HD,8.8,8.815,0.000,8.815,0.015,0.0,0.0,0.0,0.0,0.0
Arkhei.SeraAmagi.0,IN,12.6,12.378,0.230,12.608,0.008,0.0,0.0,0.1256,0.0,0.6924
ArtificialExistence.JunKuroda.0,EZ,3.5,3.517,0.002,3.519,0.019,0.0,0.0,0.0,0.0,0.0062
ArtificialExistence.JunKuroda.0,HD,9.3,9.282,0.000,9.282,-0.018,0.0,0.0,0.0,0.0,0.0
ArtificialExistence.JunKuroda.0,IN,14.7,14.684,0.016,14.700,0.000,0.0,0.0,0.0892,0.0,0.0
ATHAZA.LeaF.0,EZ,8.6,8.616,0.000,8.616,0.016,0.0,0.0,0.0,0.0,0.0
ATHAZA.LeaF.0,HD,12.9,12.870,0.019,12.889,-0.011,0.0,0.0,0.1074,0.0,0.0
ATHAZA.LeaF.0,IN,15.7,15.710,0.000,15.710,0.010,0.0,0.0,0.0,0.0,0.0
ATHAZA.LeaF.0,AT,16.6,16.223,0.386,16.609,0.009,0.7823,0.0,0.5009,0.2732,0.2477
atruthseekerCommunicationwithUtopiawillbelost.kuro.0,EZ,6.5,6.504,0.005,6.509,0.009,0.0,0.0,0.0,0.0,0.0177
atruthseekerCommunicationwithUtopiawillbelost.kuro.0,HD,12.4,12.380,0.004,12.385,-0.015,0.0,0.0,0.0244,0.0,0.0
atruthseekerCommunicationwithUtopiawillbelost.kuro.0,IN,15.8,15.793,0.000,15.793,-0.007,0.0,0.0,0.0,0.0,0.0
AvataarReincarnationofKalpa.ScarletteakaCrYmson.0,EZ,2.0,1.997,0.012,2.009,0.009,0.0,0.0,0.0,0.0,0.0404
AvataarReincarnationofKalpa.ScarletteakaCrYmson.0,HD,8.2,8.013,0.184,8.197,-0.003,0.0,0.0,0.0,0.0,0.6141
AvataarReincarnationofKalpa.ScarletteakaCrYmson.0,IN,13.4,13.377,0.004,13.382,-0.018,0.0,0.0,0.0,0.0,0.0147
AvataarReincarnationofKalpa.ScarletteakaCrYmson.0,AT,16.6,16.442,0.160,16.602,0.002,0.55,0.3921,0.0,0.0,0.0
Aventyr.GrandThawRigelTheatre.0,EZ,3.5,3.509,0.000,3.509,0.009,0.0,0.0,0.0,0.0,0.0
Aventyr.GrandThawRigelTheatre.0,HD,9.9,9.893,0.000,9.893,-0.007,0.0,0.0,0.0,0.0,0.0
Aventyr.GrandThawRigelTheatre.0,IN,13.7,13.706,0.000,13.706,0.006,0.0,0.0,0.0,0.0,0.0
BANGINGSTRIKE.DewPleiades.0,EZ,5.0,5.006,0.010,5.016,0.016,0.0,0.0,0.0554,0.0,0.0
BANGINGSTRIKE.DewPleiades.0,HD,10.2,10.218,0.000,10.218,0.018,0.0,0.0,0.0,0.0,0.0
BANGINGSTRIKE.DewPleiades.0,IN,15.9,15.824,0.077,15.902,0.002,0.0657,0.0,0.1004,0.067,0.1085
BANGINGSTRIKE.DewPleiades.0,AT,16.8,15.956,0.861,16.818,0.018,1.1573,0.417,1.437,0.6159,0.651
BelieveLightfeat果丸哒呦.ScalerMestie果丸哒呦.0,EZ,2.5,2.504,0.000,2.504,0.004,0.0,0.0,0.0,0.0,0.0
BelieveLightfeat果丸哒呦.ScalerMestie果丸哒呦.0,HD,8.9,8.891,0.000,8.891,-0.009,0.0,0.0,0.0,0.0,0.0
BelieveLightfeat果丸哒呦.ScalerMestie果丸哒呦.0,IN,14.6,14.621,0.000,14.621,0.021,0.0,0.0,0.0,0.0,0.0
BetterGraphicAnimation.ルゼ.0,EZ,6.0,5.999,0.000,5.999,-0.001,0.0,0.0,0.0,0.0,0.0
BetterGraphicAnimation.ルゼ.0,HD,11.1,11.100,0.000,11.100,0.000,0.0,0.0,0.0,0.0,0.0
BetterGraphicAnimation.ルゼ.0,IN,15.3,15.303,0.000,15.303,0.003,0.0,0.0,0.0,0.0,0.0
Bitterblossom.imvi.0,EZ,2.5,2.493,0.000,2.493,-0.007,0.0,0.0,0.0,0.0,0.0
Bitterblossom.imvi.0,HD,9.5,9.535,0.000,9.535,0.035,0.0,0.0,0.0,0.0,0.0
Bitterblossom.imvi.0,IN,13.5,13.494,0.000,13.494,-0.006,0.0,0.0,0.0,0.0,0.0
Bloom.targ麻团qwq.0,EZ,3.5,3.496,0.000,3.496,-0.004,0.0,0.0,0.0,0.0,0.0
Bloom.targ麻团qwq.0,HD,11.2,11.189,0.000,11.189,-0.011,0.0,0.0,0.0,0.0,0.0
Bloom.targ麻团qwq.0,IN,14.9,14.883,0.015,14.899,-0.001,0.0,0.0,0.0845,0.0,0.0
BonusTime.MegaloPaleWhite.0,EZ,3.5,3.485,0.000,3.485,-0.015,0.0,0.0,0.0,0.0,0.0
BonusTime.MegaloPaleWhite.0,HD,9.5,9.505,0.000,9.505,0.005,0.0,0.0,0.0,0.0,0.0
BonusTime.MegaloPaleWhite.0,IN,13.8,13.805,0.000,13.805,0.005,0.0,0.0,0.0,0.0,0.0
Bougainvillea.Jade.0,EZ,4.0,4.012,0.000,4.012,0.012,0.0,0.0,0.0,0.0,0.0
Bougainvillea.Jade.0,HD,8.3,8.286,0.000,8.286,-0.014,0.0,0.0,0.0,0.0,0.0
Bougainvillea.Jade.0,IN,13.2,13.210,0.000,13.210,0.010,0.0,0.0,0.0,0.0,0.0
BoundedQuietude.FiniteLimitvsSiLiS.0,EZ,7.0,6.990,0.000,6.990,-0.010,0.0,0.0,0.0,0.0,0.0
BoundedQuietude.FiniteLimitvsSiLiS.0,HD,7.5,7.492,0.007,7.499,-0.001,0.0,0.0,0.0386,0.0,0.0
BoundedQuietude.FiniteLimitvsSiLiS.0,IN,16.2,15.974,0.220,16.194,-0.006,0.2974,0.0,0.0716,0.0054,0.4703
BRAINHACKER.SOMON.0,EZ,4.5,4.498,0.000,4.498,-0.002,0.0,0.0,0.0,0.0,0.0
BRAINHACKER.SOMON.0,HD,9.3,9.304,0.000,9.304,0.004,0.0,0.0,0.0,0.0,0.0
BRAINHACKER.SOMON.0,IN,14.8,14.779,0.019,14.798,-0.002,0.0,0.0,0.0,0.0,0.0636
BraveNotes.TurquoiseDRIVENota.0,EZ,5.5,5.519,0.000,5.519,0.019,0.0,0.0,0.0,0.0,0.0
BraveNotes.TurquoiseDRIVENota.0,HD,11.4,11.393,0.000,11.393,-0.007,0.0,0.0,0.0,0.0,0.0
BraveNotes.TurquoiseDRIVENota.0,IN,14.6,14.512,0.075,14.587,-0.013,0.0,0.0,0.275,0.0,0.0853
BreakOver.Kforest.0,EZ,5.0,5.015,0.000,5.015,0.015,0.0,0.0,0.0,0.0,0.0
BreakOver.Kforest.0,HD,11.5,11.503,0.000,11.503,0.003,0.0,0.0,0.0,0.0,0.0
BreakOver.Kforest.0,IN,14.1,14.083,0.000,14.083,-0.017,0.0,0.0,0.0,0.0,0.0
BreakOver.Kforest.0,AT,14.9,14.881,0.000,14.881,-0.019,0.0,0.0,0.0,0.0,0.0
BreakThroughTheBarrier.lixound.0,EZ,5.5,5.503,0.000,5.503,0.003,0.0,0.0,0.0,0.0,0.0
BreakThroughTheBarrier.lixound.0,HD,9.5,9.486,0.000,9.486,-0.014,0.0,0.0,0.0,0.0,0.0
BreakThroughTheBarrier.lixound.0,IN,14.5,14.500,0.012,14.511,0.011,0.0,0.0,0.0,0.0,0.0398
BrokenSky.JungoMAX3feat刘佳宜Snow幻影刃shadow.0,EZ,3.0,2.997,0.000,2.997,-0.003,0.0,0.0,0.0,0.0,0.0
BrokenSky.JungoMAX3feat刘佳宜Snow幻影刃shadow.0,HD,8.6,8.568,0.000,8.568,-0.032,0.0,0.0,0.0,0.0,0.0
BrokenSky.JungoMAX3feat刘佳宜Snow幻影刃shadow.0,IN,13.2,13.182,0.000,13.182,-0.018,0.0,0.0,0.0,0.0,0.0
Burn.NceS.0,EZ,7.0,6.994,0.000,6.994,-0.006,0.0,0.0,0.0,0.0,0.0
Burn.NceS.0,HD,11.2,11.181,0.000,11.181,-0.019,0.0,0.0,0.0,0.0,0.0
Burn.NceS.0,IN,15.2,15.021,0.167,15.188,-0.012,0.4041,0.78,0.0,0.0,0.0
bye.DingerBox.0,EZ,4.0,3.997,0.002,3.999,-0.001,0.0,0.0,0.0098,0.0,0.0
bye.DingerBox.0,HD,9.1,9.102,0.000,9.102,0.002,0.0,0.0,0.0,0.0,0.0
bye.DingerBox.0,IN,14.8,14.809,0.000,14.809,0.009,0.0,0.0,0.0,0.0,0.0
Cereris.SunsetRayNceS.0,EZ,5.5,5.495,0.000,5.495,-0.005,0.0,0.0,0.0,0.0,0.0
Cereris.SunsetRayNceS.0,HD,10.9,10.872,0.019,10.891,-0.009,0.0,0.0,0.0,0.0,0.0643
Cereris.SunsetRayNceS.0,IN,14.7,14.686,0.000,14.686,-0.014,0.0,0.0,0.0,0.0,0.0
CervelleConnexion.SCTL.0,EZ,5.0,4.957,0.068,5.025,0.025,0.0,0.0,0.377,0.0,0.0
CervelleConnexion.SCTL.0,HD,11.3,11.216,0.081,11.297,-0.003,0.0,0.0,0.377,0.0751,0.0
CervelleConnexion.SCTL.0,IN,14.5,14.472,0.031,14.503,0.003,0.0,0.0,0.0,0.1743,0.0
Chronologika.Hundotte.0,EZ,3.5,3.479,0.026,3.505,0.005,0.0,0.0,0.1457,0.0,0.0
Chronologika.Hundotte.0,HD,9.8,9.756,0.042,9.798,-0.002,0.0,0.0,0.2335,0.0,0.0
Chronologika.Hundotte.0,IN,13.9,13.903,0.000,13.903,0.003,0.0,0.0,0.0,0.0,0.0
Chronomia.Lime.0,EZ,4.5,4.532,0.000,4.532,0.032,0.0,0.0,0.0,0.0,0.0
Chronomia.Lime.0,HD,11.1,11.077,0.014,11.091,-0.009,0.0,0.0,0.0,0.0,0.0466
Chronomia.Lime.0,IN,15.4,15.395,0.000,15.395,-0.005,0.0,0.0,0.0,0.0,0.0
ChronosCollapseLaCampanella.SunsetRay.0,EZ,4.5,4.497,0.000,4.497,-0.003,0.0,0.0,0.0,0.0,0.0
ChronosCollapseLaCampanella.SunsetRay.0,HD,12.5,12.485,0.000,12.485,-0.015,0.0,0.0,0.0,0.0,0.0
ChronosCollapseLaCampanella.SunsetRay.0,IN,16.3,15.985,0.305,16.290,-0.010,0.0772,0.0,0.3865,0.2953,0.552
Chronostasis.黒皇帝.0,EZ,6.0,6.004,0.000,6.004,0.004,0.0,0.0,0.0,0.0,0.0
Chronostasis.黒皇帝.0,HD,10.7,10.705,0.012,10.717,0.017,0.0,0.0,0.0,0.0671,0.0
Chronostasis.黒皇帝.0,IN,16.0,15.881,0.113,15.994,-0.006,0.0,0.0,0.0,0.0921,0.3218
Cipher20.TetrajectoryfeatCtymax.0,EZ,5.0,5.017,0.000,5.017,0.017,0.0,0.0,0.0,0.0,0.0
Cipher20.TetrajectoryfeatCtymax.0,HD,10.3,10.259,0.000,10.259,-0.041,0.0,0.0,0.0,0.0,0.0
Cipher20.TetrajectoryfeatCtymax.0,IN,14.4,14.425,0.000,14.425,0.025,0.0,0.0,0.0,0.0,0.0
ClassMemories.AntistarfeatCtymax.0,EZ,6.0,5.993,0.011,6.003,0.003,0.0,0.0,0.0585,0.0,0.0
ClassMemories.AntistarfeatCtymax.0,HD,10.8,10.788,0.000,10.788,-0.012,0.0,0.0,0.0,0.0,0.0
ClassMemories.AntistarfeatCtymax.0,IN,13.8,13.697,0.105,13.802,0.002,0.0,0.0,0.1393,0.0687,0.2247
ClockParadox.WyvernP.0,EZ,2.0,2.020,0.000,2.020,0.020,0.0,0.0,0.0,0.0,0.0
ClockParadox.WyvernP.0,HD,6.0,5.999,0.000,5.999,-0.001,0.0,0.0,0.0,0.0,0.0
ClockParadox.WyvernP.0,IN,12.5,12.482,0.000,12.482,-0.018,0.0,0.0,0.0,0.0,0.0
ColorfulDays.P4koofeatつゆり花鈴.0,EZ,5.0,5.003,0.000,5.003,0.003,0.0,0.0,0.0,0.0,0.0
ColorfulDays.P4koofeatつゆり花鈴.0,HD,7.0,6.988,0.000,6.988,-0.012,0.0,0.0,0.0,0.0,0.0
ColorfulDays.P4koofeatつゆり花鈴.0,IN,12.6,12.592,0.000,12.592,-0.008,0.0,0.0,0.0,0.0,0.0
CometFeat符白牙.CNHKSS.0,EZ,3.0,2.987,0.000,2.987,-0.013,0.0,0.0,0.0,0.0,0.0
CometFeat符白牙.CNHKSS.0,HD,10.5,10.491,0.000,10.491,-0.009,0.0,0.0,0.0,0.0,0.0
CometFeat符白牙.CNHKSS.0,IN,13.7,13.694,0.019,13.713,0.013,0.0,0.0,0.0,0.0,0.0628
ComputeItWithSomeDevilishAlcoholicSteampunkEngines.かめりあ.0,EZ,5.5,5.506,0.000,5.506,0.006,0.0,0.0,0.0,0.0,0.0
ComputeItWithSomeDevilishAlcoholicSteampunkEngines.かめりあ.0,HD,10.6,10.624,0.000,10.624,0.024,0.0,0.0,0.0,0.0,0.0
ComputeItWithSomeDevilishAlcoholicSteampunkEngines.かめりあ.0,IN,15.8,15.765,0.033,15.798,-0.002,0.0,0.0,0.0,0.0,0.1098
Concvssion.Halv.0,EZ,6.0,6.030,0.000,6.030,0.030,0.0,0.0,0.0,0.0,0.0
Concvssion.Halv.0,HD,11.3,11.287,0.000,11.287,-0.013,0.0,0.0,0.0,0.0,0.0
Concvssion.Halv.0,IN,15.6,15.349,0.246,15.595,-0.005,0.689,0.6057,0.1893,0.0,0.0
CraveWave.LandRoot.0,EZ,2.5,2.514,0.000,2.514,0.014,0.0,0.0,0.0,0.0,0.0
CraveWave.LandRoot.0,HD,8.0,8.009,0.000,8.009,0.009,0.0,0.0,0.0,0.0,0.0
CraveWave.LandRoot.0,IN,13.7,13.699,0.006,13.705,0.005,0.0,0.0,0.0,0.0,0.0195
Credits.Frums.0,EZ,4.5,4.495,0.000,4.495,-0.005,0.0,0.0,0.0,0.0,0.0
Credits.Frums.0,HD,10.4,10.381,0.015,10.396,-0.004,0.0,0.0,0.0835,0.0,0.0
Credits.Frums.0,IN,13.6,13.595,0.006,13.601,0.001,0.0,0.0,0.0,0.0342,0.0
Credits.Frums.0,AT,15.7,15.696,0.000,15.696,-0.004,0.0,0.0,0.0,0.0,0.0
Cristalisia.onoken.0,EZ,4.0,3.980,0.000,3.980,-0.020,0.0,0.0,0.0,0.0,0.0
Cristalisia.onoken.0,HD,10.4,10.414,0.000,10.414,0.014,0.0,0.0,0.0,0.0,0.0
Cristalisia.onoken.0,IN,14.4,14.390,0.000,14.390,-0.010,0.0,0.0,0.0,0.0,0.0
CROSSSOUL.HyuNfeatSyepias.0,EZ,7.5,7.519,0.000,7.519,0.019,0.0,0.0,0.0,0.0,0.0
CROSSSOUL.HyuNfeatSyepias.0,HD,12.6,12.597,0.000,12.597,-0.003,0.0,0.0,0.0,0.0,0.0
CROSSSOUL.HyuNfeatSyepias.0,IN,16.4,16.343,0.044,16.386,-0.014,0.0,0.0,0.1612,0.0818,0.0
CrushBETA.shadow_bling.0,EZ,4.0,3.995,0.019,4.014,0.014,0.0,0.0,0.1074,0.0,0.0
CrushBETA.shadow_bling.0,HD,10.5,10.428,0.086,10.514,0.014,0.0,0.0,0.0,0.0,0.2855
CrushBETA.shadow_bling.0,IN,15.1,15.104,0.000,15.104,0.004,0.0,0.0,0.0,0.0,0.0
cryout.JuE.0,EZ,3.5,3.523,0.000,3.523,0.023,0.0,0.0,0.0,0.0,0.0
cryout.JuE.0,HD,9.9,9.908,0.000,9.908,0.008,0.0,0.0,0.0,0.0,0.0
cryout.JuE.0,IN,13.6,13.554,0.044,13.598,-0.002,0.0,0.0,0.2459,0.0,0.0
csqn.Aoi.0,EZ,5.0,5.009,0.000,5.009,0.009,0.0,0.0,0.0,0.0,0.0
csqn.Aoi.0,HD,12.2,12.190,0.000,12.190,-0.010,0.0,0.0,0.0,0.0,0.0
csqn.Aoi.0,IN,15.9,15.874,0.000,15.874,-0.026,0.0,0.0,0.0,0.0,0.0
Cthugha.USAO.0,EZ,6.0,6.003,0.000,6.003,0.003,0.0,0.0,0.0,0.0,0.0
Cthugha.USAO.0,HD,10.4,10.412,0.000,10.412,0.012,0.0,0.0,0.0,0.0,0.0
Cthugha.USAO.0,IN,16.0,15.759,0.238,15.997,-0.003,0.2564,0.0,0.3561,0.1694,0.289
Cthugha.USAO.0,AT,16.1,15.701,0.396,16.098,-0.002,0.3738,0.0,0.7378,0.2998,0.4242
Cuvism.Fl00tvsHalv.0,EZ,3.0,2.992,0.009,3.001,0.001,0.0408,0.0,0.0,0.0,0.0
Cuvism.Fl00tvsHalv.0,HD,12.2,12.217,0.000,12.217,0.017,0.0,0.0,0.0,0.0,0.0
Cuvism.Fl00tvsHalv.0,IN,13.9,13.897,0.000,13.897,-0.003,0.0,0.0,0.0,0.0,0.0
Cuvism.Fl00tvsHalv.0,AT,16.7,16.549,0.147,16.695,-0.005,0.55,0.0,0.1427,0.0,0.0
DancewithSilence.かめりあ.0,EZ,7.0,6.989,0.000,6.989,-0.011,0.0,0.0,0.0,0.0,0.0
DancewithSilence.かめりあ.0,HD,10.9,10.887,0.021,10.908,0.008,0.0,0.0,0.118,0.0,0.0
DancewithSilence.かめりあ.0,IN,15.2,15.182,0.000,15.182,-0.018,0.0,0.0,0.0,0.0,0.0
Dash.小红Akane李祥辉.0,EZ,2.5,2.496,0.000,2.496,-0.004,0.0,0.0,0.0,0.0,0.0
Dash.小红Akane李祥辉.0,HD,5.5,5.508,0.000,5.508,0.008,0.0,0.0,0.0,0.0,0.0
Dash.小红Akane李祥辉.0,IN,9.7,9.701,0.000,9.701,0.001,0.0,0.0,0.0,0.0,0.0
DataErr0r.Cosmograph.0,EZ,6.0,5.981,0.013,5.994,-0.006,0.0,0.0,0.0,0.0,0.0422
DataErr0r.Cosmograph.0,HD,11.8,11.791,0.000,11.791,-0.009,0.0,0.0,0.0,0.0,0.0
DataErr0r.Cosmograph.0,IN,14.5,14.509,0.006,14.516,0.016,0.0,0.0,0.0358,0.0,0.0
dBdoll.YUESTEVENuen.0,EZ,1.5,1.485,0.000,1.485,-0.015,0.0,0.0,0.0,0.0,0.0
dBdoll.YUESTEVENuen.0,HD,3.5,3.494,0.000,3.494,-0.006,0.0,0.0,0.0,0.0,0.0
dBdoll.YUESTEVENuen.0,IN,8.3,8.298,0.000,8.298,-0.002,0.0,0.0,0.0,0.0,0.0
dBdoll.YUESTEVENuen.0,AT,13.6,13.591,0.000,13.591,-0.009,0.0,0.0,0.0,0.0,0.0
DeadSoul.SoundSouler.0,EZ,4.5,4.502,0.000,4.502,0.002,0.0,0.0,0.0,0.0,0.0
DeadSoul.SoundSouler.0,HD,12.3,12.290,0.000,12.290,-0.010,0.0,0.0,0.0,0.0,0.0
DeadSoul.SoundSouler.0,IN,14.4,14.391,0.000,14.391,-0.009,0.0,0.0,0.0,0.0,0.0
Demiurge.Rabpit.0,EZ,1.5,1.505,0.000,1.505,0.005,0.0,0.0,0.0,0.0,0.0
Demiurge.Rabpit.0,HD,7.5,7.448,0.051,7.499,-0.001,0.0,0.0,0.12,0.1617,0.0
Demiurge.Rabpit.0,IN,11.8,11.698,0.101,11.799,-0.001,0.0,0.0,0.0627,0.0,0.3
Demonkin.ForgedReigns.0,EZ,4.5,4.497,0.000,4.497,-0.003,0.0,0.0,0.0,0.0,0.0
Demonkin.ForgedReigns.0,HD,9.2,9.187,0.000,9.187,-0.013,0.0,0.0,0.0,0.0,0.0
Demonkin.ForgedReigns.0,IN,13.8,13.788,0.028,13.816,0.016,0.0,0.0,0.156,0.0,0.0
DerRichter.Ωμεγα.0,EZ,5.5,5.487,0.014,5.501,0.001,0.0,0.0,0.0783,0.0,0.0
DerRichter.Ωμεγα.0,HD,11.4,11.401,0.000,11.401,0.001,0.0,0.0,0.0,0.0,0.0
DerRichter.Ωμεγα.0,IN,15.6,15.591,0.000,15.591,-0.009,0.0,0.0,0.0,0.0,0.0
DerRichter.Ωμεγα.0,AT,16.9,16.614,0.279,16.893,-0.007,0.5974,0.0,0.6476,0.0658,0.0654
DESTRUCTION321.Normal1zervsBrokenNerdz.0,EZ,8.5,8.028,0.474,8.502,0.002,0.0,0.0,0.0,0.0,1.5787
DESTRUCTION321.Normal1zervsBrokenNerdz.0,HD,13.1,13.107,0.000,13.107,0.007,0.0,0.0,0.0,0.0,0.0
DESTRUCTION321.Normal1zervsBrokenNerdz.0,IN,16.3,16.215,0.067,16.282,-0.018,0.069,0.0,0.0,0.2888,0.0
DESTRUCTION321.Normal1zervsBrokenNerdz.0,AT,17.3,16.607,0.692,17.299,-0.001,0.9261,0.2292,0.6786,0.9212,0.5901
DevIAtiOnshortver.polysha.0,EZ,5.0,4.921,0.090,5.011,0.011,0.0,0.0,0.0,0.0,0.3
DevIAtiOnshortver.polysha.0,HD,11.1,11.014,0.090,11.104,0.004,0.0,0.0,0.0,0.0,0.3
DevIAtiOnshortver.polysha.0,IN,15.7,15.683,0.000,15.683,-0.017,0.0,0.0,0.0,0.0,0.0
Devotion.Connexio.0,EZ,4.5,4.492,0.000,4.492,-0.008,0.0,0.0,0.0,0.0,0.0
Devotion.Connexio.0,HD,9.6,9.597,0.000,9.597,-0.003,0.0,0.0,0.0,0.0,0.0
Devotion.Connexio.0,IN,13.7,13.711,0.000,13.711,0.011,0.0,0.0,0.0,0.0,0.0
DiamondDust.MasahiroGodspeedAoki.0,EZ,5.0,4.980,0.013,4.993,-0.007,0.0,0.0,0.0,0.0,0.0426
DiamondDust.MasahiroGodspeedAoki.0,HD,10.8,10.798,0.000,10.798,-0.002,0.0,0.0,0.0,0.0,0.0
DiamondDust.MasahiroGodspeedAoki.0,IN,15.3,15.310,0.000,15.310,0.010,0.0,0.0,0.0,0.0,0.0
DiamondDust.MasahiroGodspeedAoki.0,AT,16.7,16.304,0.393,16.697,-0.003,0.5137,0.0,0.4863,0.2095,0.5173
DiamondEyes.SYNTHETIC.0,EZ,3.5,3.494,0.009,3.503,0.003,0.0,0.0,0.0507,0.0,0.0
DiamondEyes.SYNTHETIC.0,HD,6.5,6.500,0.000,6.500,0.000,0.0,0.0,0.0,0.0,0.0
DiamondEyes.SYNTHETIC.0,IN,13.4,13.407,0.000,13.407,0.007,0.0,0.0,0.0,0.0,0.0
Disorder.HyuNfeatYURI.0,EZ,6.0,6.011,0.000,6.011,0.011,0.0,0.0,0.0,0.0,0.0
Disorder.HyuNfeatYURI.0,HD,10.3,10.275,0.000,10.275,-0.025,0.0,0.0,0.0,0.0,0.0
Disorder.HyuNfeatYURI.0,IN,14.8,14.765,0.012,14.776,-0.024,0.0,0.0,0.0657,0.0,0.0
DistortedFate.Sakuzyo.0,EZ,8.1,8.101,0.015,8.116,0.016,0.0,0.0,0.0,0.0,0.0498
DistortedFate.Sakuzyo.0,HD,13.5,13.448,0.064,13.513,0.013,0.0,0.0,0.0,0.0,0.2145
DistortedFate.Sakuzyo.0,IN,16.3,16.269,0.039,16.308,0.008,0.0,0.0,0.0,0.1558,0.036
DistortedFate.Sakuzyo.0,AT,17.4,16.927,0.473,17.400,0.000,0.751,0.8041,1.0425,0.0699,0.0898
Dlyrotz.Likey.0,EZ,4.0,4.019,0.000,4.019,0.019,0.0,0.0,0.0,0.0,0.0
Dlyrotz.Likey.0,HD,9.1,9.071,0.017,9.088,-0.012,0.0,0.0,0.0971,0.0,0.0
Dlyrotz.Likey.0,IN,13.7,13.673,0.000,13.673,-0.027,0.0,0.0,0.0,0.0,0.0
DontNeverAround.HAMA.0,EZ,5.0,4.997,0.000,4.997,-0.003,0.0,0.0,0.0,0.0,0.0
DontNeverAround.HAMA.0,HD,11.3,11.189,0.107,11.295,-0.005,0.0,0.0,0.0,0.0,0.3552
DontNeverAround.HAMA.0,IN,15.5,15.325,0.182,15.507,0.007,0.0,0.0,0.0,0.0043,0.6031
Doppelganger.LeaF.0,EZ,5.0,5.004,0.000,5.004,0.004,0.0,0.0,0.0,0.0,0.0
Doppelganger.LeaF.0,HD,9.0,9.001,0.000,9.001,0.001,0.0,0.0,0.0,0.0,0.0
Doppelganger.LeaF.0,IN,15.1,14.965,0.133,15.099,-0.001,0.0,0.0,0.0,0.0,0.4442
Dreamland.z1onkyrrin.0,EZ,7.0,7.007,0.010,7.017,0.017,0.0,0.0,0.0568,0.0,0.0
Dreamland.z1onkyrrin.0,HD,10.3,10.300,0.000,10.300,-0.000,0.0,0.0,0.0,0.0,0.0
Dreamland.z1onkyrrin.0,IN,13.6,13.473,0.126,13.599,-0.001,0.0,0.0,0.0,0.0,0.4199
DropIt.Asuka.0,EZ,4.0,4.015,0.000,4.015,0.015,0.0,0.0,0.0,0.0,0.0
DropIt.Asuka.0,HD,9.2,9.194,0.000,9.194,-0.006,0.0,0.0,0.0,0.0,0.0
DropIt.Asuka.0,IN,14.2,14.193,0.000,14.193,-0.007,0.0,0.0,0.0,0.0,0.0
ElCondorPasaPhigrosEdit.PlasticFruits.0,EZ,6.5,6.498,0.000,6.498,-0.002,0.0,0.0,0.0,0.0,0.0
ElCondorPasaPhigrosEdit.PlasticFruits.0,HD,12.5,12.503,0.000,12.503,0.003,0.0,0.0,0.0,0.0,0.0
ElCondorPasaPhigrosEdit.PlasticFruits.0,IN,15.6,15.479,0.111,15.590,-0.010,0.0698,0.0,0.0,0.0814,0.2686
Electron.ElousFZ.0,EZ,3.5,3.527,0.000,3.527,0.027,0.0,0.0,0.0,0.0,0.0
Electron.ElousFZ.0,HD,9.4,9.416,0.000,9.416,0.016,0.0,0.0,0.0,0.0,0.0
Electron.ElousFZ.0,IN,13.2,13.195,0.000,13.195,-0.005,0.0,0.0,0.0,0.0,0.0
Eltaw.Fl00t.0,EZ,7.0,6.994,0.000,6.994,-0.006,0.0,0.0,0.0,0.0,0.0
Eltaw.Fl00t.0,HD,10.6,10.612,0.000,10.612,0.012,0.0,0.0,0.0,0.0,0.0
Eltaw.Fl00t.0,IN,14.8,14.789,0.000,14.789,-0.011,0.0,0.0,0.0,0.0,0.0
Elúltimobaile.Θ.0,EZ,4.5,4.495,0.000,4.495,-0.005,0.0,0.0,0.0,0.0,0.0
Elúltimobaile.Θ.0,HD,9.5,9.517,0.000,9.517,0.017,0.0,0.0,0.0,0.0,0.0
Elúltimobaile.Θ.0,IN,14.1,14.004,0.105,14.109,0.009,0.0,0.0,0.3443,0.0,0.1448
EndMe.ZxNXasDelaina.0,EZ,5.5,5.391,0.096,5.487,-0.013,0.0,0.0,0.0,0.0,0.3211
EndMe.ZxNXasDelaina.0,HD,7.5,7.411,0.096,7.508,0.008,0.0,0.0,0.0,0.0,0.3208
EndMe.ZxNXasDelaina.0,IN,14.2,13.979,0.219,14.198,-0.002,0.0,0.0,0.0,0.0,0.73
ENERGYSYNERGYMATRIX.Tanchiky.0,EZ,5.5,5.511,0.002,5.513,0.013,0.0,0.0,0.012,0.0,0.0
ENERGYSYNERGYMATRIX.Tanchiky.0,HD,11.5,11.512,0.000,11.512,0.012,0.0,0.0,0.0,0.0,0.0
ENERGYSYNERGYMATRIX.Tanchiky.0,IN,14.4,14.393,0.000,14.393,-0.007,0.0,0.0,0.0,0.0,0.0
energytrixxx.KAH.0,EZ,5.0,4.969,0.013,4.982,-0.018,0.0,0.0,0.0716,0.0,0.0
energytrixxx.KAH.0,HD,10.4,10.408,0.000,10.408,0.008,0.0,0.0,0.0,0.0,0.0
energytrixxx.KAH.0,IN,15.4,15.227,0.180,15.408,0.008,0.0,0.0,0.0,0.0,0.6012
EnginexStartmelodymix.CrossingSound.0,EZ,2.5,2.504,0.000,2.504,0.004,0.0,0.0,0.0,0.0,0.0
EnginexStartmelodymix.CrossingSound.0,HD,8.3,8.285,0.000,8.285,-0.015,0.0,0.0,0.0,0.0,0.0
EnginexStartmelodymix.CrossingSound.0,IN,13.0,13.010,0.000,13.010,0.010,0.0,0.0,0.0,0.0,0.0
ERABYECONNEC10N.かめりあ.0,EZ,5.5,5.502,0.000,5.502,0.002,0.0,0.0,0.0,0.0,0.0
ERABYECONNEC10N.かめりあ.0,HD,11.6,11.614,0.000,11.614,0.014,0.0,0.0,0.0,0.0,0.0
ERABYECONNEC10N.かめりあ.0,IN,16.3,16.025,0.278,16.303,0.003,0.1017,0.0,0.0,0.2,0.733
ERABYECONNEC10N.かめりあ.0,AT,17.3,16.716,0.578,17.295,-0.005,1.146,0.8084,0.6088,0.4081,0.208
EradicationCatastrophe.NceS.0,EZ,3.5,3.514,0.000,3.514,0.014,0.0,0.0,0.0,0.0,0.0
EradicationCatastrophe.NceS.0,HD,7.5,7.486,0.000,7.486,-0.014,0.0,0.0,0.0,0.0,0.0
EradicationCatastrophe.NceS.0,IN,12.7,12.681,0.000,12.681,-0.019,0.0,0.0,0.0,0.0,0.0
EternalSnow.AbyssIdols.0,EZ,4.0,3.990,0.000,3.990,-0.010,0.0,0.0,0.0,0.0,0.0
EternalSnow.AbyssIdols.0,HD,9.6,9.600,0.000,9.600,-0.000,0.0,0.0,0.0,0.0,0.0
EternalSnow.AbyssIdols.0,IN,13.5,13.532,0.000,13.532,0.032,0.0,0.0,0.0,0.0,0.0
Feast远东之宴.茶鸣拾贰律.0,EZ,6.5,6.515,0.000,6.515,0.015,0.0,0.0,0.0,0.0,0.0
Feast远东之宴.茶鸣拾贰律.0,HD,12.1,12.097,0.000,12.097,-0.003,0.0,0.0,0.0,0.0,0.0
Feast远东之宴.茶鸣拾贰律.0,IN,15.5,15.420,0.080,15.500,-0.000,0.0,0.0,0.0,0.0,0.2651
FinalStep.Lime.0,EZ,5.5,5.496,0.000,5.496,-0.004,0.0,0.0,0.0,0.0,0.0
FinalStep.Lime.0,HD,11.0,10.990,0.000,10.990,-0.010,0.0,0.0,0.0,0.0,0.0
FinalStep.Lime.0,IN,14.1,14.105,0.005,14.110,0.010,0.0,0.0,0.0284,0.0,0.0
FindMe.Kforest.0,EZ,5.5,5.496,0.000,5.496,-0.004,0.0,0.0,0.0,0.0,0.0
FindMe.Kforest.0,HD,10.5,10.497,0.000,10.497,-0.003,0.0,0.0,0.0,0.0,0.0
FindMe.Kforest.0,IN,14.3,14.230,0.067,14.297,-0.003,0.0715,0.0,0.2017,0.0834,0.0
FixationsTowardtheStars.Foodbot.0,EZ,3.5,3.490,0.000,3.490,-0.010,0.0,0.0,0.0,0.0,0.0
FixationsTowardtheStars.Foodbot.0,HD,10.9,10.887,0.015,10.902,0.002,0.0,0.0,0.0,0.083,0.0
FixationsTowardtheStars.Foodbot.0,IN,14.5,14.488,0.000,14.488,-0.012,0.0,0.0,0.0,0.0,0.0
FlutterEcho.Cansol.0,EZ,3.5,3.508,0.000,3.508,0.008,0.0,0.0,0.0,0.0,0.0
FlutterEcho.Cansol.0,HD,9.8,9.798,0.000,9.798,-0.002,0.0,0.0,0.0,0.0,0.0
FlutterEcho.Cansol.0,IN,14.9,14.915,0.000,14.915,0.015,0.0,0.0,0.0,0.0,0.0
FracturedAngel.DJRaisei.0,EZ,4.0,4.000,0.000,4.000,-0.000,0.0,0.0,0.0,0.0,0.0
FracturedAngel.DJRaisei.0,HD,10.9,10.885,0.009,10.895,-0.005,0.0421,0.0,0.0,0.0,0.0
FracturedAngel.DJRaisei.0,IN,16.3,16.287,0.007,16.294,-0.006,0.0,0.0,0.0,0.0,0.0247
FreakyUndulationsNobleKnightsofTune.JehezukielKURORAK.0,EZ,7.0,6.994,0.000,6.994,-0.006,0.0,0.0,0.0,0.0,0.0
FreakyUndulationsNobleKnightsofTune.JehezukielKURORAK.0,HD,10.9,10.902,0.000,10.902,0.002,0.0,0.0,0.0,0.0,0.0
FreakyUndulationsNobleKnightsofTune.JehezukielKURORAK.0,IN,15.3,15.142,0.150,15.293,-0.007,0.0,0.0,0.0,0.0,0.5015
FrozenHeart.A39沙包P.0,EZ,5.0,5.000,0.000,5.000,0.000,0.0,0.0,0.0,0.0,0.0
FrozenHeart.A39沙包P.0,HD,10.6,10.599,0.006,10.605,0.005,0.0,0.0,0.0312,0.0,0.0
FrozenHeart.A39沙包P.0,IN,14.6,14.450,0.164,14.614,0.014,0.0198,0.0,0.0,0.0,0.5318
FULiAUTOBUSTER.MYUKKE.0,EZ,3.5,3.506,0.000,3.506,0.006,0.0,0.0,0.0,0.0,0.0
FULiAUTOBUSTER.MYUKKE.0,HD,9.7,9.705,0.000,9.705,0.005,0.0,0.0,0.0,0.0,0.0
FULiAUTOBUSTER.MYUKKE.0,IN,14.6,14.605,0.000,14.605,0.005,0.0,0.0,0.0,0.0,0.0
FULiAUTOSHOOTER.MYUKKE.0,EZ,3.0,2.987,0.000,2.987,-0.013,0.0,0.0,0.0,0.0,0.0
FULiAUTOSHOOTER.MYUKKE.0,HD,9.0,8.986,0.000,8.986,-0.014,0.0,0.0,0.0,0.0,0.0
FULiAUTOSHOOTER.MYUKKE.0,IN,14.9,14.893,0.000,14.893,-0.007,0.0,0.0,0.0,0.0,0.0
FutureMind.RayNauticaRekuMochizuki.0,EZ,4.5,4.512,0.000,4.512,0.012,0.0,0.0,0.0,0.0,0.0
FutureMind.RayNauticaRekuMochizuki.0,HD,11.0,10.988,0.000,10.988,-0.012,0.0,0.0,0.0,0.0,0.0
FutureMind.RayNauticaRekuMochizuki.0,IN,14.2,14.111,0.111,14.222,0.022,0.0,0.0,0.0,0.0,0.3686
GetBack.CAP3.0,EZ,6.5,6.507,0.000,6.507,0.007,0.0,0.0,0.0,0.0,0.0
GetBack.CAP3.0,HD,10.7,10.680,0.000,10.680,-0.020,0.0,0.0,0.0,0.0,0.0
GetBack.CAP3.0,IN,14.1,14.104,0.000,14.104,0.004,0.0,0.0,0.0,0.0,0.0
GetReady.iF.0,EZ,6.0,6.008,0.000,6.008,0.008,0.0,0.0,0.0,0.0,0.0
GetReady.iF.0,HD,10.7,10.676,0.023,10.698,-0.002,0.0,0.0,0.1265,0.0,0.0
GetReady.iF.0,IN,13.8,13.783,0.031,13.813,0.013,0.0,0.0,0.0,0.0,0.1021
Glaciaxion.SunsetRay.0,EZ,1.0,1.004,0.000,1.004,0.004,0.0,0.0,0.0,0.0,0.0
Glaciaxion.SunsetRay.0,HD,6.5,6.500,0.000,6.500,0.000,0.0,0.0,0.0,0.0,0.0
Glaciaxion.SunsetRay.0,IN,12.6,12.585,0.000,12.585,-0.015,0.0,0.0,0.0,0.0,0.0
GOODBOUNCE.EBIMAYO.0,EZ,7.5,7.531,0.000,7.531,0.031,0.0,0.0,0.0,0.0,0.0
GOODBOUNCE.EBIMAYO.0,HD,11.9,11.859,0.039,11.898,-0.002,0.0,0.0,0.0,0.2173,0.0
GOODBOUNCE.EBIMAYO.0,IN,14.5,14.514,0.000,14.514,0.014,0.0,0.0,0.0,0.0,0.0
GOODFORTUNE.EBIMAYO.0,EZ,7.5,7.518,0.000,7.518,0.018,0.0,0.0,0.0,0.0,0.0
GOODFORTUNE.EBIMAYO.0,HD,8.7,8.691,0.000,8.691,-0.009,0.0,0.0,0.0,0.0,0.0
GOODFORTUNE.EBIMAYO.0,IN,15.7,15.672,0.039,15.711,0.011,0.051,0.0,0.0,0.0594,0.058
GOODRAGE.EBIMAYO.0,EZ,5.0,5.017,0.000,5.017,0.017,0.0,0.0,0.0,0.0,0.0
GOODRAGE.EBIMAYO.0,HD,8.5,8.489,0.000,8.489,-0.011,0.0,0.0,0.0,0.0,0.0
GOODRAGE.EBIMAYO.0,IN,16.0,15.829,0.164,15.993,-0.007,0.0114,0.0,0.0,0.0133,0.5289
GOODTEK.EBIMAYO.0,EZ,5.0,5.012,0.000,5.012,0.012,0.0,0.0,0.0,0.0,0.0
GOODTEK.EBIMAYO.0,HD,10.0,9.998,0.000,9.998,-0.002,0.0,0.0,0.0,0.0,0.0
GOODTEK.EBIMAYO.0,IN,14.3,14.307,0.000,14.307,0.007,0.0,0.0,0.0,0.0,0.0
GOODWORLD.EBIMAYO.0,EZ,3.0,2.989,0.000,2.989,-0.011,0.0,0.0,0.0,0.0,0.0
GOODWORLD.EBIMAYO.0,HD,11.4,11.407,0.000,11.407,0.007,0.0,0.0,0.0,0.0,0.0
GOODWORLD.EBIMAYO.0,IN,14.9,14.887,0.007,14.894,-0.006,0.0,0.0,0.0,0.0,0.024
Grimheart.Puru.0,EZ,3.0,2.996,0.000,2.996,-0.004,0.0,0.0,0.0,0.0,0.0
Grimheart.Puru.0,HD,8.9,8.878,0.000,8.878,-0.022,0.0,0.0,0.0,0.0,0.0
Grimheart.Puru.0,IN,13.8,13.782,0.023,13.805,0.005,0.0,0.0,0.1277,0.0,0.0
GVNGlitterVomitusandNeon.SaltySaltUnfold33.0,EZ,5.0,5.014,0.000,5.014,0.014,0.0,0.0,0.0,0.0,0.0
GVNGlitterVomitusandNeon.SaltySaltUnfold33.0,HD,9.7,9.705,0.000,9.705,0.005,0.0,0.0,0.0,0.0,0.0
GVNGlitterVomitusandNeon.SaltySaltUnfold33.0,IN,15.8,15.735,0.064,15.799,-0.001,0.0,0.0,0.0,0.2077,0.0887
HardcoreKwaya.EnFr.0,EZ,4.5,4.505,0.000,4.505,0.005,0.0,0.0,0.0,0.0,0.0
HardcoreKwaya.EnFr.0,HD,8.4,8.388,0.014,8.402,0.002,0.0,0.0,0.0,0.0,0.0473
HardcoreKwaya.EnFr.0,IN,14.6,14.608,0.000,14.608,0.008,0.0,0.0,0.0,0.0,0.0
HAZARD.Limpid.0,EZ,4.5,4.521,0.000,4.521,0.021,0.0,0.0,0.0,0.0,0.0
HAZARD.Limpid.0,HD,11.0,11.014,0.000,11.014,0.014,0.0,0.0,0.0,0.0,0.0
HAZARD.Limpid.0,IN,14.8,14.769,0.015,14.784,-0.016,0.0631,0.0,0.0057,0.0,0.0
Helios.NOABotaNya.0,EZ,5.5,5.490,0.005,5.495,-0.005,0.0,0.0,0.0,0.0,0.0161
Helios.NOABotaNya.0,HD,9.0,8.990,0.010,9.000,0.000,0.0,0.0,0.0456,0.0,0.0046
Helios.NOABotaNya.0,IN,14.2,14.118,0.072,14.190,-0.010,0.0,0.0,0.0,0.0,0.24
HorizonBlue.NothingButRequiemfeatAikapinChiyoko.0,EZ,6.5,6.511,0.000,6.511,0.011,0.0,0.0,0.0,0.0,0.0
HorizonBlue.NothingButRequiemfeatAikapinChiyoko.0,HD,11.6,11.584,0.026,11.610,0.010,0.0,0.0,0.0,0.0,0.0851
HorizonBlue.NothingButRequiemfeatAikapinChiyoko.0,IN,15.7,15.570,0.107,15.677,-0.023,0.1848,0.0,0.1464,0.0,0.1344
HumaN.SOTUI.0,EZ,3.0,3.015,0.000,3.015,0.015,0.0,0.0,0.0,0.0,0.0
HumaN.SOTUI.0,HD,8.0,7.976,0.000,7.976,-0.024,0.0,0.0,0.0,0.0,0.0
HumaN.SOTUI.0,IN,12.9,12.896,0.000,12.896,-0.004,0.0,0.0,0.0,0.0,0.0
Hydra.JamesLandinoXAkiraComplex.0,EZ,6.0,5.998,0.000,5.998,-0.002,0.0,0.0,0.0,0.0,0.0
Hydra.JamesLandinoXAkiraComplex.0,HD,11.6,11.604,0.000,11.604,0.004,0.0,0.0,0.0,0.0,0.0
Hydra.JamesLandinoXAkiraComplex.0,IN,15.4,15.273,0.110,15.383,-0.017,0.0,0.0,0.0,0.0,0.3669
Hydra.JamesLandinoXAkiraComplex.0,AT,17.1,16.199,0.888,17.087,-0.013,0.9123,0.47,1.1622,0.3005,1.2569
Igallta.SeURa.0,EZ,7.5,7.481,0.000,7.481,-0.019,0.0,0.0,0.0,0.0,0.0
Igallta.SeURa.0,HD,12.2,12.185,0.000,12.185,-0.015,0.0,0.0,0.0,0.0,0.0
Igallta.SeURa.0,IN,16.1,16.080,0.019,16.100,-0.000,0.045,0.0,0.0,0.0526,0.0
Igallta.SeURa.0,AT,17.4,17.002,0.382,17.384,-0.016,0.8515,0.2476,0.6722,0.1747,0.0584
iLArtifact.Link0.0,EZ,5.5,5.501,0.000,5.501,0.001,0.0,0.0,0.0,0.0,0.0
iLArtifact.Link0.0,HD,10.5,10.533,0.000,10.533,0.033,0.0,0.0,0.0,0.0,0.0
iLArtifact.Link0.0,IN,15.7,15.726,0.000,15.726,0.026,0.0,0.0,0.0,0.0,0.0
IMustSayNo.TangJuan.0,EZ,1.5,1.509,0.000,1.509,0.009,0.0,0.0,0.0,0.0,0.0
IMustSayNo.TangJuan.0,HD,9.2,9.217,0.000,9.217,0.017,0.0,0.0,0.0,0.0,0.0
IMustSayNo.TangJuan.0,IN,13.5,13.436,0.046,13.482,-0.018,0.0,0.0,0.254,0.0,0.0
Incyde.YbeLL.0,EZ,7.0,6.977,0.020,6.997,-0.003,0.0,0.0,0.0,0.0,0.068
Incyde.YbeLL.0,HD,12.1,12.091,0.000,12.091,-0.009,0.0,0.0,0.0,0.0,0.0
Incyde.YbeLL.0,IN,16.2,16.155,0.041,16.196,-0.004,0.0,0.0,0.0,0.2299,0.0
IndelibleScar.Noah.0,EZ,7.0,7.001,0.000,7.001,0.001,0.0,0.0,0.0,0.0,0.0
IndelibleScar.Noah.0,HD,11.5,11.491,0.000,11.491,-0.009,0.0,0.0,0.0,0.0,0.0
IndelibleScar.Noah.0,IN,15.3,15.280,0.000,15.280,-0.020,0.0,0.0,0.0,0.0,0.0
IndelibleScar.Noah.0,AT,16.5,16.241,0.270,16.511,0.011,0.649,0.4585,0.3926,0.0207,0.0238
inferior.姜米條.0,EZ,7.0,7.006,0.000,7.006,0.006,0.0,0.0,0.0,0.0,0.0
inferior.姜米條.0,HD,7.5,7.498,0.000,7.498,-0.002,0.0,0.0,0.0,0.0,0.0
inferior.姜米條.0,IN,14.6,14.596,0.012,14.608,0.008,0.0,0.0,0.0,0.0,0.0404
INFiNiTEENERZYOverdoze.RekuMochizuki.0,EZ,6.5,6.499,0.000,6.499,-0.001,0.0,0.0,0.0,0.0,0.0
INFiNiTEENERZYOverdoze.RekuMochizuki.0,HD,12.3,12.323,0.000,12.323,0.023,0.0,0.0,0.0,0.0,0.0
INFiNiTEENERZYOverdoze.RekuMochizuki.0,IN,14.8,14.795,0.000,14.795,-0.005,0.0,0.0,0.0,0.0,0.0
INFiNiTEENERZYOverdoze.RekuMochizuki.0,AT,16.8,16.776,0.014,16.790,-0.010,0.0,0.0,0.0804,0.0,0.0
InfinityHeaven.HyuN.0,EZ,3.0,2.993,0.000,2.993,-0.007,0.0,0.0,0.0,0.0,0.0
InfinityHeaven.HyuN.0,HD,8.4,8.395,0.000,8.395,-0.005,0.0,0.0,0.0,0.0,0.0
InfinityHeaven.HyuN.0,IN,13.9,13.902,0.002,13.905,0.005,0.0,0.0,0.0113,0.0,0.0
Initialize.iF.0,EZ,2.5,2.485,0.000,2.485,-0.015,0.0,0.0,0.0,0.0,0.0
Initialize.iF.0,HD,7.0,6.968,0.025,6.993,-0.007,0.0,0.0,0.138,0.0,0.0
Initialize.iF.0,IN,11.6,11.573,0.026,11.599,-0.001,0.0,0.0,0.0,0.0,0.0868
InvertedWorld.ARForest.0,EZ,5.5,5.510,0.000,5.510,0.010,0.0,0.0,0.0,0.0,0.0
InvertedWorld.ARForest.0,HD,11.2,11.188,0.000,11.188,-0.012,0.0,0.0,0.0,0.0,0.0
InvertedWorld.ARForest.0,IN,15.5,15.474,0.000,15.474,-0.026,0.0,0.0,0.0,0.0,0.0
JourneywithYou.Iris.0,EZ,5.0,4.992,0.000,4.992,-0.008,0.0,0.0,0.0,0.0,0.0
JourneywithYou.Iris.0,HD,10.0,9.986,0.000,9.986,-0.014,0.0,0.0,0.0,0.0,0.0
JourneywithYou.Iris.0,IN,13.7,13.612,0.090,13.702,0.002,0.0,0.0,0.0,0.0,0.3
JunXionBetweenLifeAndDeathVIPMix.1N6Fs.0,EZ,3.0,3.008,0.000,3.008,0.008,0.0,0.0,0.0,0.0,0.0
JunXionBetweenLifeAndDeathVIPMix.1N6Fs.0,HD,8.7,8.688,0.011,8.698,-0.002,0.0,0.0,0.0,0.0603,0.0
JunXionBetweenLifeAndDeathVIPMix.1N6Fs.0,IN,13.4,13.389,0.014,13.403,0.003,0.0,0.0,0.0,0.0805,0.0
Kerberos.Zris.0,EZ,5.5,5.482,0.000,5.482,-0.018,0.0,0.0,0.0,0.0,0.0
Kerberos.Zris.0,HD,12.4,12.444,0.001,12.446,0.046,0.0,0.0,0.0077,0.0,0.0
Kerberos.Zris.0,IN,15.8,15.744,0.056,15.800,-0.000,0.1226,0.0,0.0166,0.143,0.0
Khalid.Dolphin.0,EZ,4.0,4.015,0.000,4.015,0.015,0.0,0.0,0.0,0.0,0.0
Khalid.Dolphin.0,HD,8.2,8.179,0.000,8.179,-0.021,0.0,0.0,0.0,0.0,0.0
Khalid.Dolphin.0,IN,13.1,13.068,0.021,13.089,-0.011,0.0,0.0,0.0,0.0,0.0687
KhronostasisKatharsis.Halv.0,EZ,6.0,5.987,0.000,5.987,-0.013,0.0,0.0,0.0,0.0,0.0
KhronostasisKatharsis.Halv.0,HD,11.8,11.804,0.000,11.804,0.004,0.0,0.0,0.0,0.0,0.0
KhronostasisKatharsis.Halv.0,IN,14.0,13.997,0.026,14.023,0.023,0.0478,0.0,0.0303,0.0558,0.0
KirakiraNoelStory.RekuMochizuki.0,EZ,4.0,4.001,0.000,4.001,0.001,0.0,0.0,0.0,0.0,0.0
KirakiraNoelStory.RekuMochizuki.0,HD,10.2,10.200,0.000,10.200,-0.000,0.0,0.0,0.0,0.0,0.0
KirakiraNoelStory.RekuMochizuki.0,IN,14.2,14.097,0.122,14.218,0.018,0.1649,0.0,0.0,0.0,0.2855
KIZUNAResolution.TAG.0,EZ,8.0,8.006,0.000,8.006,0.006,0.0,0.0,0.0,0.0,0.0
KIZUNAResolution.TAG.0,HD,13.4,13.398,0.000,13.398,-0.002,0.0,0.0,0.0,0.0,0.0
KIZUNAResolution.TAG.0,IN,16.4,16.299,0.101,16.400,0.000,0.0,0.0,0.512,0.0,0.0303
KMoeVIP.ZxNX.0,EZ,3.0,2.995,0.000,2.995,-0.005,0.0,0.0,0.0,0.0,0.0
KMoeVIP.ZxNX.0,HD,8.4,8.408,0.000,8.408,0.008,0.0,0.0,0.0,0.0,0.0
KMoeVIP.ZxNX.0,IN,15.9,15.438,0.457,15.894,-0.006,0.9094,0.7838,0.2012,0.0278,0.4562
Komplexe.雄之助featSennzai.0,EZ,3.5,3.527,0.000,3.527,0.027,0.0,0.0,0.0,0.0,0.0
Komplexe.雄之助featSennzai.0,HD,9.6,9.589,0.000,9.589,-0.011,0.0,0.0,0.0,0.0,0.0
Komplexe.雄之助featSennzai.0,IN,14.3,14.316,0.000,14.316,0.016,0.0,0.0,0.0,0.0,0.0
LabyrinthinKowloonWalledWorld.かめりあ.0,EZ,6.0,5.978,0.026,6.004,0.004,0.0,0.0,0.1457,0.0,0.0
LabyrinthinKowloonWalledWorld.かめりあ.0,HD,11.4,11.412,0.000,11.412,0.012,0.0,0.0,0.0,0.0,0.0
LabyrinthinKowloonWalledWorld.かめりあ.0,IN,15.6,15.602,0.000,15.602,0.002,0.0,0.0,0.0,0.0,0.0
LeaveAllBehind.rider.0,EZ,3.0,3.021,0.000,3.021,0.021,0.0,0.0,0.0,0.0,0.0
LeaveAllBehind.rider.0,HD,8.9,8.864,0.016,8.880,-0.020,0.0,0.0,0.0892,0.0,0.0
LeaveAllBehind.rider.0,IN,12.7,12.698,0.000,12.698,-0.002,0.0,0.0,0.0,0.0,0.0
Letempsperdu.Daison.0,EZ,4.0,3.998,0.000,3.998,-0.002,0.0,0.0,0.0,0.0,0.0
Letempsperdu.Daison.0,HD,9.0,8.987,0.000,8.987,-0.013,0.0,0.0,0.0,0.0,0.0
Letempsperdu.Daison.0,IN,12.5,12.470,0.000,12.470,-0.030,0.0,0.0,0.0,0.0,0.0
lifeflashesbeforeweebeyes.BilliumMoto.0,EZ,6.5,6.496,0.000,6.496,-0.004,0.0,0.0,0.0,0.0,0.0
lifeflashesbeforeweebeyes.BilliumMoto.0,HD,11.9,11.892,0.002,11.894,-0.006,0.0,0.0,0.0098,0.0,0.0
lifeflashesbeforeweebeyes.BilliumMoto.0,IN,14.9,14.884,0.000,14.884,-0.016,0.0,0.0,0.0,0.0,0.0
Locomotive.K.0,EZ,4.0,3.999,0.000,3.999,-0.001,0.0,0.0,0.0,0.0,0.0
Locomotive.K.0,HD,9.7,9.722,0.000,9.722,0.022,0.0,0.0,0.0,0.0,0.0
Locomotive.K.0,IN,13.5,13.461,0.000,13.461,-0.039,0.0,0.0,0.0,0.0,0.0
Luminescence.米虾Fomiki初云CLoudie.0,EZ,5.5,5.519,0.000,5.519,0.019,0.0,0.0,0.0,0.0,0.0
Luminescence.米虾Fomiki初云CLoudie.0,HD,11.0,10.980,0.000,10.980,-0.020,0.0,0.0,0.0,0.0,0.0
Luminescence.米虾Fomiki初云CLoudie.0,IN,14.5,14.509,0.000,14.509,0.009,0.0,0.0,0.0,0.0,0.0
Luminescent.Daison.0,EZ,5.5,5.514,0.000,5.514,0.014,0.0,0.0,0.0,0.0,0.0
Luminescent.Daison.0,HD,9.7,9.727,0.000,9.727,0.027,0.0,0.0,0.0,0.0,0.0
Luminescent.Daison.0,IN,14.4,14.385,0.000,14.385,-0.015,0.0,0.0,0.0,0.0,0.0
LuminousEntitiesLostHeart.NormalMfeatUsagiDenki.0,EZ,5.0,4.982,0.000,4.982,-0.018,0.0,0.0,0.0,0.0,0.0
LuminousEntitiesLostHeart.NormalMfeatUsagiDenki.0,HD,10.7,10.672,0.000,10.672,-0.028,0.0,0.0,0.0,0.0,0.0
LuminousEntitiesLostHeart.NormalMfeatUsagiDenki.0,IN,15.2,15.096,0.086,15.182,-0.018,0.0,0.0,0.0,0.0,0.2855
Lyrith迷宮リリス.ユメミド.0,EZ,5.0,4.993,0.000,4.993,-0.007,0.0,0.0,0.0,0.0,0.0
Lyrith迷宮リリス.ユメミド.0,HD,11.1,11.115,0.000,11.115,0.015,0.0,0.0,0.0,0.0,0.0
Lyrith迷宮リリス.ユメミド.0,IN,16.1,16.052,0.063,16.115,0.015,0.0,0.0,0.0631,0.0,0.1736
Lyrith迷宮リリス.ユメミド.0,AT,16.5,16.424,0.083,16.506,0.006,0.073,0.0,0.1102,0.0852,0.1047
MagentaPotion.EmoCo.0,EZ,6.5,6.497,0.000,6.497,-0.003,0.0,0.0,0.0,0.0,0.0
MagentaPotion.EmoCo.0,HD,11.3,11.286,0.000,11.286,-0.014,0.0,0.0,0.0,0.0,0.0
MagentaPotion.EmoCo.0,IN,14.4,14.389,0.000,14.389,-0.011,0.0,0.0,0.0,0.0,0.0
ManifoldHypothesis.cybermisofeattigerlily.0,EZ,4.0,3.993,0.003,3.996,-0.004,0.0,0.0,0.0,0.0,0.0094
ManifoldHypothesis.cybermisofeattigerlily.0,HD,9.1,9.093,0.000,9.093,-0.007,0.0,0.0,0.0,0.0,0.0
ManifoldHypothesis.cybermisofeattigerlily.0,IN,14.6,14.591,0.000,14.591,-0.009,0.0,0.0,0.0,0.0,0.0
MARENOL.LeaF.0,EZ,2.0,2.001,0.000,2.001,0.001,0.0,0.0,0.0,0.0,0.0
MARENOL.LeaF.0,HD,10.3,10.301,0.000,10.301,0.001,0.0,0.0,0.0,0.0,0.0
MARENOL.LeaF.0,IN,13.9,13.887,0.000,13.887,-0.013,0.0,0.0,0.0,0.0,0.0
mechanted.rareguy.0,EZ,3.0,2.995,0.000,2.995,-0.005,0.0,0.0,0.0,0.0,0.0
mechanted.rareguy.0,HD,11.3,11.296,0.000,11.296,-0.004,0.0,0.0,0.0,0.0,0.0
mechanted.rareguy.0,IN,14.9,14.889,0.000,14.889,-0.011,0.0,0.0,0.0,0.0,0.0
microwav.dandeless.0,EZ,6.0,5.985,0.000,5.985,-0.015,0.0,0.0,0.0,0.0,0.0
microwav.dandeless.0,HD,10.5,10.504,0.000,10.504,0.004,0.0,0.0,0.0,0.0,0.0
microwav.dandeless.0,IN,14.7,14.698,0.000,14.698,-0.002,0.0,0.0,0.0,0.0,0.0
MiracleForestVIPMix.Rinthlive.0,EZ,3.0,3.000,0.000,3.000,-0.000,0.0,0.0,0.0,0.0,0.0
MiracleForestVIPMix.Rinthlive.0,HD,7.5,7.488,0.000,7.488,-0.012,0.0,0.0,0.0,0.0,0.0
MiracleForestVIPMix.Rinthlive.0,IN,13.1,13.107,0.000,13.107,0.007,0.0,0.0,0.0,0.0,0.0
MOBILYS.Dachs.0,EZ,5.5,5.479,0.014,5.493,-0.007,0.0,0.0,0.0761,0.0,0.0
MOBILYS.Dachs.0,HD,9.3,9.311,0.000,9.311,0.011,0.0,0.0,0.0,0.0,0.0
MOBILYS.Dachs.0,IN,14.3,14.299,0.013,14.312,0.012,0.0,0.0,0.0712,0.0,0.0
modulus.PTB10.0,EZ,4.5,4.493,0.000,4.493,-0.007,0.0,0.0,0.0,0.0,0.0
modulus.PTB10.0,HD,10.4,10.387,0.009,10.396,-0.004,0.0,0.0,0.0505,0.0,0.0
modulus.PTB10.0,IN,14.9,14.566,0.350,14.916,0.016,0.8505,1.0329,0.3305,0.0,0.0
NextTime.SaMZIng.0,EZ,6.0,6.016,0.000,6.016,0.016,0.0,0.0,0.0,0.0,0.0
NextTime.SaMZIng.0,HD,8.7,8.690,0.000,8.690,-0.010,0.0,0.0,0.0,0.0,0.0
NextTime.SaMZIng.0,IN,12.4,12.381,0.009,12.390,-0.010,0.0,0.0,0.0,0.0,0.0292
Nhelv.Silentroom.0,EZ,1.5,1.507,0.000,1.507,0.007,0.0,0.0,0.0,0.0,0.0
Nhelv.Silentroom.0,HD,12.0,11.995,0.000,11.995,-0.005,0.0,0.0,0.0,0.0,0.0
Nhelv.Silentroom.0,IN,15.6,15.590,0.000,15.590,-0.010,0.0,0.0,0.0,0.0,0.0
NickofTime.P4koo.0,EZ,6.0,5.977,0.000,5.977,-0.023,0.0,0.0,0.0,0.0,0.0
NickofTime.P4koo.0,HD,9.3,9.316,0.000,9.316,0.016,0.0,0.0,0.0,0.0,0.0
NickofTime.P4koo.0,IN,14.7,14.695,0.002,14.697,-0.003,0.0,0.0,0.0,0.0117,0.0
NightTheater.わかどり.0,EZ,4.0,4.024,0.000,4.024,0.024,0.0,0.0,0.0,0.0,0.0
NightTheater.わかどり.0,HD,10.6,10.609,0.000,10.609,0.009,0.0,0.0,0.0,0.0,0.0
NightTheater.わかどり.0,IN,14.3,14.309,0.000,14.309,0.009,0.0,0.0,0.0,0.0,0.0
NonMelodicRagezMUGEdit.Normal1zer.0,EZ,5.5,5.483,0.000,5.483,-0.017,0.0,0.0,0.0,0.0,0.0
NonMelodicRagezMUGEdit.Normal1zer.0,HD,11.6,11.617,0.000,11.617,0.017,0.0,0.0,0.0,0.0,0.0
NonMelodicRagezMUGEdit.Normal1zer.0,IN,16.1,15.988,0.116,16.104,0.004,0.125,0.0,0.128,0.0647,0.1801
NOONEYESMAN.MYUKKE.0,EZ,7.0,6.999,0.000,6.999,-0.001,0.0,0.0,0.0,0.0,0.0
NOONEYESMAN.MYUKKE.0,HD,10.9,10.920,0.000,10.920,0.020,0.0,0.0,0.0,0.0,0.0
NOONEYESMAN.MYUKKE.0,IN,15.5,15.473,0.000,15.473,-0.027,0.0,0.0,0.0,0.0,0.0
NowIsTheTimeDoIt.RoyMikelate.0,EZ,4.5,4.507,0.000,4.507,0.007,0.0,0.0,0.0,0.0,0.0
NowIsTheTimeDoIt.RoyMikelate.0,HD,11.2,11.211,0.000,11.211,0.011,0.0,0.0,0.0,0.0,0.0
NowIsTheTimeDoIt.RoyMikelate.0,IN,14.3,14.173,0.127,14.301,0.001,0.3629,0.4765,0.0,0.0,0.0
NOx.Juggernaut.0,EZ,4.5,4.494,0.000,4.494,-0.006,0.0,0.0,0.0,0.0,0.0
NOx.Juggernaut.0,HD,10.3,10.309,0.000,10.309,0.009,0.0,0.0,0.0,0.0,0.0
NOx.Juggernaut.0,IN,16.1,16.078,0.000,16.078,-0.022,0.0,0.0,0.0,0.0,0.0
NYA.FLuoRiTe姜米條.0,EZ,2.0,2.012,0.000,2.012,0.012,0.0,0.0,0.0,0.0,0.0
NYA.FLuoRiTe姜米條.0,HD,8.6,8.589,0.000,8.589,-0.011,0.0,0.0,0.0,0.0,0.0
NYA.FLuoRiTe姜米條.0,IN,13.1,13.098,0.000,13.098,-0.002,0.0,0.0,0.0,0.0,0.0
OnAndOn.ETIAfeatJenga.0,EZ,5.0,4.995,0.000,4.995,-0.005,0.0,0.0,0.0,0.0,0.0
OnAndOn.ETIAfeatJenga.0,HD,9.6,9.576,0.000,9.576,-0.024,0.0,0.0,0.0,0.0,0.0
OnAndOn.ETIAfeatJenga.0,IN,15.2,15.194,0.000,15.194,-0.006,0.0,0.0,0.0,0.0,0.0
opia.rN.0,EZ,5.5,5.442,0.059,5.501,0.001,0.0,0.0,0.0,0.0,0.1954
opia.rN.0,HD,10.6,10.365,0.233,10.598,-0.002,0.0,0.0,0.0,0.0,0.7782
opia.rN.0,IN,15.6,14.619,0.973,15.592,-0.008,0.0,0.0,0.0,0.0,3.2428
Originally.SNKSMizku.0,EZ,1.0,1.001,0.000,1.001,0.001,0.0,0.0,0.0,0.0,0.0
Originally.SNKSMizku.0,HD,9.3,9.268,0.018,9.285,-0.015,0.0,0.0,0.0987,0.0,0.0
Originally.SNKSMizku.0,IN,14.5,14.512,0.000,14.512,0.012,0.0,0.0,0.0,0.0,0.0
Orthodox.tokiwa.0,EZ,4.5,4.496,0.000,4.496,-0.004,0.0,0.0,0.0,0.0,0.0
Orthodox.tokiwa.0,HD,8.5,8.481,0.000,8.481,-0.019,0.0,0.0,0.0,0.0,0.0
Orthodox.tokiwa.0,IN,13.7,13.740,0.000,13.740,0.040,0.0,0.0,0.0,0.0,0.0
Palescreen.WyvernPfeatMadol.0,EZ,5.5,5.508,0.000,5.508,0.008,0.0,0.0,0.0,0.0,0.0
Palescreen.WyvernPfeatMadol.0,HD,12.3,12.307,0.000,12.307,0.007,0.0,0.0,0.0,0.0,0.0
Palescreen.WyvernPfeatMadol.0,IN,15.9,15.456,0.444,15.901,0.001,0.0,0.0,0.0,0.0,1.4813
PANICPARADISE.DJSHIONY.0,EZ,6.5,6.480,0.000,6.480,-0.020,0.0,0.0,0.0,0.0,0.0
PANICPARADISE.DJSHIONY.0,HD,11.5,11.514,0.000,11.514,0.014,0.0,0.0,0.0,0.0,0.0
PANICPARADISE.DJSHIONY.0,IN,15.4,15.398,0.000,15.398,-0.002,0.0,0.0,0.0,0.0,0.0
PANICPARADISE.DJSHIONY.0,AT,16.5,16.148,0.364,16.512,0.012,0.6877,0.3583,0.2209,0.0,0.4578
ParallelRetrogressionGameVer.Tetrajectory.0,EZ,7.0,7.020,0.000,7.020,0.020,0.0,0.0,0.0,0.0,0.0
ParallelRetrogressionGameVer.Tetrajectory.0,HD,10.9,10.877,0.000,10.877,-0.023,0.0,0.0,0.0,0.0,0.0
ParallelRetrogressionGameVer.Tetrajectory.0,IN,14.2,14.212,0.000,14.212,0.012,0.0,0.0,0.0,0.0,0.0
parsey.siqlo.0,EZ,4.0,4.009,0.000,4.009,0.009,0.0,0.0,0.0,0.0,0.0
parsey.siqlo.0,HD,11.7,11.709,0.000,11.709,0.009,0.0,0.0,0.0,0.0,0.0
parsey.siqlo.0,IN,14.6,14.625,0.000,14.625,0.025,0.0,0.0,0.0,0.0,0.0
PixelRebelz.Normal1zer.0,EZ,4.5,4.469,0.000,4.469,-0.031,0.0,0.0,0.0,0.0,0.0
PixelRebelz.Normal1zer.0,HD,9.7,9.668,0.000,9.668,-0.032,0.0,0.0,0.0,0.0,0.0
PixelRebelz.Normal1zer.0,IN,15.3,15.141,0.163,15.304,0.004,0.4176,0.6329,0.0413,0.0,0.0
PoisonANDORAffection.LeaF.0,EZ,3.5,3.508,0.004,3.512,0.012,0.0,0.0,0.0227,0.0,0.0
PoisonANDORAffection.LeaF.0,HD,9.9,9.899,0.000,9.899,-0.001,0.0,0.0,0.0,0.0,0.0
PoisonANDORAffection.LeaF.0,IN,15.7,15.581,0.112,15.693,-0.007,0.0548,0.0,0.2985,0.0639,0.1167
Pontdessouvenirs.VeetaCrushvsitsufeatitsu.0,EZ,5.5,5.514,0.000,5.514,0.014,0.0,0.0,0.0,0.0,0.0
Pontdessouvenirs.VeetaCrushvsitsufeatitsu.0,HD,10.7,10.678,0.013,10.692,-0.008,0.0,0.0,0.0743,0.0,0.0
Pontdessouvenirs.VeetaCrushvsitsufeatitsu.0,IN,15.3,15.297,0.000,15.297,-0.003,0.0,0.0,0.0,0.0,0.0
Poseidon.1112vsStar.0,EZ,6.0,6.005,0.000,6.005,0.005,0.0,0.0,0.0,0.0,0.0
Poseidon.1112vsStar.0,HD,8.8,8.808,0.000,8.808,0.008,0.0,0.0,0.0,0.0,0.0
Poseidon.1112vsStar.0,IN,12.8,12.669,0.115,12.784,-0.016,0.0,0.0,0.0,0.0,0.3831
Poseidon.1112vsStar.0,AT,16.2,15.984,0.218,16.202,0.002,0.4511,0.0,0.2069,0.0692,0.2315
PRAGMATISMRESURRECTION.Laur.0,EZ,7.5,7.508,0.000,7.508,0.008,0.0,0.0,0.0,0.0,0.0
PRAGMATISMRESURRECTION.Laur.0,HD,12.9,12.893,0.000,12.893,-0.007,0.0,0.0,0.0,0.0,0.0
PRAGMATISMRESURRECTION.Laur.0,IN,16.0,15.955,0.020,15.975,-0.025,0.0,0.0,0.1124,0.0,0.0
PRAGMATISMRESURRECTION.Laur.0,AT,16.6,16.578,0.027,16.605,0.005,0.0,0.0,0.1473,0.0,0.0
PRAW.Bluewind.0,EZ,6.0,6.004,0.000,6.004,0.004,0.0,0.0,0.0,0.0,0.0
PRAW.Bluewind.0,HD,10.6,10.592,0.000,10.592,-0.008,0.0,0.0,0.0,0.0,0.0
PRAW.Bluewind.0,IN,15.1,15.059,0.035,15.095,-0.005,0.0,0.0,0.0594,0.0,0.0824
Protoflicker.Silentroom.0,EZ,3.5,3.484,0.000,3.484,-0.016,0.0,0.0,0.0,0.0,0.0
Protoflicker.Silentroom.0,HD,9.7,9.717,0.000,9.717,0.017,0.0,0.0,0.0,0.0,0.0
Protoflicker.Silentroom.0,IN,15.4,15.242,0.165,15.407,0.007,0.0,0.0,0.1235,0.0,0.4751
QuantumHyperspace.D_AAN.0,EZ,6.0,6.020,0.000,6.020,0.020,0.0,0.0,0.0,0.0,0.0
QuantumHyperspace.D_AAN.0,HD,11.2,11.195,0.000,11.195,-0.005,0.0,0.0,0.0,0.0,0.0
QuantumHyperspace.D_AAN.0,IN,15.0,14.981,0.006,14.987,-0.013,0.0,0.0,0.0334,0.0,0.0
QZKagoRequiem.tpazolite.0,EZ,7.0,6.984,0.000,6.984,-0.016,0.0,0.0,0.0,0.0,0.0
QZKagoRequiem.tpazolite.0,HD,13.3,13.236,0.064,13.300,0.000,0.0,0.0,0.0,0.0,0.2132
QZKagoRequiem.tpazolite.0,IN,16.3,16.228,0.079,16.307,0.007,0.1766,0.0,0.0,0.0293,0.1163
QZKagoRequiem.tpazolite.0,AT,17.4,16.452,0.945,17.397,-0.003,1.5043,0.6633,0.7508,0.6932,0.9598
Radiance.Nhato.0,EZ,3.5,3.490,0.000,3.490,-0.010,0.0,0.0,0.0,0.0,0.0
Radiance.Nhato.0,HD,11.9,11.810,0.086,11.896,-0.004,0.0,0.0,0.0,0.0,0.2862
Radiance.Nhato.0,IN,14.0,14.005,0.000,14.005,0.005,0.0,0.0,0.0,0.0,0.0
Radiance.Nhato.0,AT,15.6,15.481,0.141,15.622,0.022,0.55,0.0,0.1108,0.0,0.0
RainyHeart.BelieverInYou阿卡姆巫师.0,EZ,4.0,3.999,0.000,3.999,-0.001,0.0,0.0,0.0,0.0,0.0
RainyHeart.BelieverInYou阿卡姆巫师.0,HD,9.4,9.380,0.000,9.380,-0.020,0.0,0.0,0.0,0.0,0.0
RainyHeart.BelieverInYou阿卡姆巫师.0,IN,12.9,12.868,0.026,12.894,-0.006,0.0,0.0,0.0,0.0,0.0853
RainySeason.AbyssIdols.0,EZ,5.5,5.511,0.000,5.511,0.011,0.0,0.0,0.0,0.0,0.0
RainySeason.AbyssIdols.0,HD,10.7,10.679,0.022,10.702,0.002,0.0,0.0,0.1247,0.0,0.0
RainySeason.AbyssIdols.0,IN,14.2,14.159,0.045,14.204,0.004,0.0,0.0,0.0902,0.0,0.0958
Ramification.rareguyReina.0,EZ,5.0,4.985,0.000,4.985,-0.015,0.0,0.0,0.0,0.0,0.0
Ramification.rareguyReina.0,HD,10.4,10.378,0.000,10.378,-0.022,0.0,0.0,0.0,0.0,0.0
Ramification.rareguyReina.0,IN,14.8,14.784,0.000,14.784,-0.016,0.0,0.0,0.0,0.0,0.0
Random.SobremSilentroom.0,EZ,5.5,5.467,0.044,5.511,0.011,0.0,0.0,0.0,0.0,0.148
Random.SobremSilentroom.0,HD,12.2,12.169,0.018,12.187,-0.013,0.0,0.0,0.0,0.0,0.0609
Random.SobremSilentroom.0,IN,14.7,14.412,0.290,14.703,0.003,0.55,0.0,0.0,0.0,0.5644
Realms.HinkikAHimitsu.0,EZ,3.5,3.516,0.000,3.516,0.016,0.0,0.0,0.0,0.0,0.0
Realms.HinkikAHimitsu.0,HD,10.2,10.183,0.000,10.183,-0.017,0.0,0.0,0.0,0.0,0.0
Realms.HinkikAHimitsu.0,IN,13.8,13.735,0.064,13.799,-0.001,0.0,0.0,0.1903,0.0,0.0994
Rebirth.ああああ.0,EZ,6.0,5.985,0.000,5.985,-0.015,0.0,0.0,0.0,0.0,0.0
Rebirth.ああああ.0,HD,12.0,12.005,0.000,12.005,0.005,0.0,0.0,0.0,0.0,0.0
Rebirth.ああああ.0,IN,15.4,15.384,0.000,15.384,-0.016,0.0,0.0,0.0,0.0,0.0
ReEndofaDream.umavsモリモリあつし.0,EZ,7.5,7.505,0.000,7.505,0.005,0.0,0.0,0.0,0.0,0.0
ReEndofaDream.umavsモリモリあつし.0,HD,13.0,13.011,0.000,13.011,0.011,0.0,0.0,0.0,0.0,0.0
ReEndofaDream.umavsモリモリあつし.0,IN,15.9,15.857,0.037,15.894,-0.006,0.0,0.0,0.0,0.0,0.1218
ReEndofaDream.umavsモリモリあつし.0,AT,16.9,16.661,0.226,16.887,-0.013,0.2408,0.0,0.2627,0.2875,0.2477
Reimei.影虎.0,EZ,6.5,6.449,0.038,6.487,-0.013,0.0,0.0,0.2108,0.0,0.0
Reimei.影虎.0,HD,11.7,11.689,0.000,11.689,-0.011,0.0,0.0,0.0,0.0,0.0
Reimei.影虎.0,IN,15.1,15.028,0.063,15.091,-0.009,0.0687,0.0,0.1853,0.0802,0.0
Resolver.Gomadare.0,EZ,3.0,3.007,0.000,3.007,0.007,0.0,0.0,0.0,0.0,0.0
Resolver.Gomadare.0,HD,8.4,8.382,0.007,8.389,-0.011,0.0,0.0,0.0395,0.0,0.0
Resolver.Gomadare.0,IN,14.4,14.410,0.000,14.410,0.010,0.0,0.0,0.0,0.0,0.0
RESSiSTANCE.ぐるたみん.0,EZ,6.5,6.525,0.000,6.525,0.025,0.0,0.0,0.0,0.0,0.0
RESSiSTANCE.ぐるたみん.0,HD,11.2,11.223,0.000,11.223,0.023,0.0,0.0,0.0,0.0,0.0
RESSiSTANCE.ぐるたみん.0,IN,16.1,16.038,0.056,16.093,-0.007,0.0,0.0,0.1851,0.0,0.0742
Retribution.nmyKryexe.0,EZ,6.0,6.027,0.000,6.027,0.027,0.0,0.0,0.0,0.0,0.0
Retribution.nmyKryexe.0,HD,11.6,11.604,0.000,11.604,0.004,0.0,0.0,0.0,0.0,0.0
Retribution.nmyKryexe.0,IN,16.2,16.143,0.046,16.189,-0.011,0.0,0.0,0.0,0.1161,0.0851
RetributionCycleofRedemption.ArdolfvsDaily天利.0,EZ,6.0,6.006,0.000,6.006,0.006,0.0,0.0,0.0,0.0,0.0
RetributionCycleofRedemption.ArdolfvsDaily天利.0,HD,11.3,11.291,0.000,11.291,-0.009,0.0,0.0,0.0,0.0,0.0
RetributionCycleofRedemption.ArdolfvsDaily天利.0,IN,16.2,15.819,0.382,16.201,0.001,0.0958,0.0,0.1558,0.1547,1.017
Re_NascencePsystyleVer.Rinth_live.0,EZ,5.5,5.509,0.000,5.509,0.009,0.0,0.0,0.0,0.0,0.0
Re_NascencePsystyleVer.Rinth_live.0,HD,11.7,11.665,0.037,11.702,0.002,0.0421,0.0,0.0,0.0,0.0935
Re_NascencePsystyleVer.Rinth_live.0,IN,14.4,14.394,0.000,14.394,-0.006,0.0,0.0,0.0,0.0,0.0
RIPPER.Friedwav.0,EZ,6.5,6.493,0.000,6.493,-0.007,0.0,0.0,0.0,0.0,0.0
RIPPER.Friedwav.0,HD,11.7,11.675,0.000,11.675,-0.025,0.0,0.0,0.0,0.0,0.0
RIPPER.Friedwav.0,IN,15.4,15.335,0.059,15.394,-0.006,0.0,0.0,0.0742,0.0,0.1536
Rrharil.TeamGrimoire.0,EZ,7.0,6.995,0.000,6.995,-0.005,0.0,0.0,0.0,0.0,0.0
Rrharil.TeamGrimoire.0,HD,12.7,12.688,0.000,12.688,-0.012,0.0,0.0,0.0,0.0,0.0
Rrharil.TeamGrimoire.0,IN,16.1,16.002,0.089,16.090,-0.010,0.0922,0.0,0.0,0.1838,0.1177
Rrharil.TeamGrimoire.0,AT,17.6,17.261,0.343,17.604,0.004,0.7373,0.0,0.3236,0.3275,0.2128
RubbishSorting.CtymaxvsNceS.0,EZ,3.5,3.476,0.000,3.476,-0.024,0.0,0.0,0.0,0.0,0.0
RubbishSorting.CtymaxvsNceS.0,HD,9.4,9.408,0.000,9.408,0.008,0.0,0.0,0.0,0.0,0.0
RubbishSorting.CtymaxvsNceS.0,IN,13.1,13.071,0.000,13.071,-0.029,0.0,0.0,0.0,0.0,0.0
SATELLITE.かめりあ.0,EZ,5.0,4.997,0.007,5.003,0.003,0.0311,0.0,0.0,0.0,0.0
SATELLITE.かめりあ.0,HD,9.9,9.897,0.000,9.897,-0.003,0.0,0.0,0.0,0.0,0.0
SATELLITE.かめりあ.0,IN,14.3,14.318,0.000,14.318,0.018,0.0,0.0,0.0,0.0,0.0
SATELLITE.かめりあ.0,AT,16.2,15.945,0.252,16.197,-0.003,0.5539,0.8581,0.2471,0.0,0.0
Schadenfreude.ZxNX.0,EZ,4.5,4.507,0.000,4.507,0.007,0.0,0.0,0.0,0.0,0.0
Schadenfreude.ZxNX.0,HD,10.6,10.561,0.000,10.561,-0.039,0.0,0.0,0.0,0.0,0.0
Schadenfreude.ZxNX.0,IN,15.1,15.122,0.000,15.122,0.022,0.0,0.0,0.0,0.0,0.0
SecretIllumination.Yooh.0,EZ,5.0,5.001,0.000,5.001,0.001,0.0,0.0,0.0,0.0,0.0
SecretIllumination.Yooh.0,HD,10.2,10.199,0.000,10.199,-0.001,0.0,0.0,0.0,0.0,0.0
SecretIllumination.Yooh.0,IN,14.7,14.709,0.000,14.709,0.009,0.0,0.0,0.0,0.0,0.0
Sein.朔Apo11oprogramvsお月さま交響曲ftkuroa荒巻.0,EZ,5.0,5.003,0.000,5.003,0.003,0.0,0.0,0.0,0.0,0.0
Sein.朔Apo11oprogramvsお月さま交響曲ftkuroa荒巻.0,HD,10.1,10.096,0.004,10.100,-0.000,0.0,0.0,0.0,0.0,0.0126
Sein.朔Apo11oprogramvsお月さま交響曲ftkuroa荒巻.0,IN,15.1,15.083,0.000,15.083,-0.017,0.0,0.0,0.0,0.0,0.0
Shadow.SumaiLightvs姜米條.0,EZ,6.5,6.511,0.000,6.511,0.011,0.0,0.0,0.0,0.0,0.0
Shadow.SumaiLightvs姜米條.0,HD,10.5,10.487,0.000,10.487,-0.013,0.0,0.0,0.0,0.0,0.0
Shadow.SumaiLightvs姜米條.0,IN,14.6,14.499,0.097,14.595,-0.005,0.0,0.0,0.0,0.041,0.2971
Shadow.SumaiLightvs姜米條.0,AT,16.2,16.173,0.024,16.197,-0.003,0.0,0.0,0.1058,0.0,0.0161
Shelter.MeatyRabbitNceS.0,EZ,3.5,3.504,0.000,3.504,0.004,0.0,0.0,0.0,0.0,0.0
Shelter.MeatyRabbitNceS.0,HD,8.8,8.768,0.019,8.788,-0.012,0.0,0.0,0.1074,0.0,0.0
Shelter.MeatyRabbitNceS.0,IN,13.2,13.195,0.000,13.195,-0.005,0.0,0.0,0.0,0.0019,0.0
ShineAfter.ADeanJocularACE.0,EZ,4.0,3.993,0.000,3.993,-0.007,0.0,0.0,0.0,0.0,0.0
ShineAfter.ADeanJocularACE.0,HD,9.7,9.708,0.000,9.708,0.008,0.0,0.0,0.0,0.0,0.0
ShineAfter.ADeanJocularACE.0,IN,14.6,14.574,0.000,14.574,-0.026,0.0,0.0,0.0,0.0,0.0
SIGMA.Kryexe.0,EZ,5.0,5.009,0.000,5.009,0.009,0.0,0.0,0.0,0.0,0.0
SIGMA.Kryexe.0,HD,10.5,10.497,0.000,10.497,-0.003,0.0,0.0,0.0,0.0,0.0
SIGMA.Kryexe.0,IN,15.8,15.760,0.029,15.788,-0.012,0.0175,0.0,0.1171,0.0204,0.0
SilenceisGoldenSpeechisGolden.NIWASHI.0,EZ,5.0,5.024,0.000,5.024,0.024,0.0,0.0,0.0,0.0,0.0
SilenceisGoldenSpeechisGolden.NIWASHI.0,HD,9.3,9.305,0.000,9.305,0.005,0.0,0.0,0.0,0.0,0.0
SilenceisGoldenSpeechisGolden.NIWASHI.0,IN,15.6,15.596,0.000,15.596,-0.004,0.0,0.0,0.0,0.0,0.0
slips.rintarosoma.0,EZ,7.5,7.474,0.007,7.481,-0.019,0.0,0.0,0.0,0.0,0.0246
slips.rintarosoma.0,HD,12.8,12.780,0.003,12.784,-0.016,0.0,0.0,0.0,0.0,0.0106
slips.rintarosoma.0,IN,16.0,15.980,0.019,15.999,-0.001,0.0857,0.0,0.0,0.0,0.0
slips.rintarosoma.0,AT,16.8,16.699,0.101,16.800,0.000,0.3629,0.0,0.1163,0.0,0.0
SnowDesert.WyvernP.0,EZ,5.0,4.992,0.000,4.992,-0.008,0.0,0.0,0.0,0.0,0.0
SnowDesert.WyvernP.0,HD,10.3,10.291,0.000,10.291,-0.009,0.0,0.0,0.0,0.0,0.0
SnowDesert.WyvernP.0,IN,13.4,13.375,0.025,13.400,-0.000,0.0,0.0,0.1389,0.0,0.0
SolaggyfeatUzumaki.ShrimpCatsはぁち後藤涼輔.0,EZ,5.0,4.996,0.000,4.996,-0.004,0.0,0.0,0.0,0.0,0.0
SolaggyfeatUzumaki.ShrimpCatsはぁち後藤涼輔.0,HD,9.5,9.512,0.005,9.516,0.016,0.0,0.0,0.0252,0.0,0.0
SolaggyfeatUzumaki.ShrimpCatsはぁち後藤涼輔.0,IN,14.6,14.599,0.000,14.599,-0.001,0.0,0.0,0.0,0.0,0.0
SparkleNewLife.rider.0,EZ,4.0,4.020,0.000,4.020,0.020,0.0,0.0,0.0,0.0,0.0
SparkleNewLife.rider.0,HD,9.2,9.225,0.000,9.225,0.025,0.0,0.0,0.0,0.0,0.0
SparkleNewLife.rider.0,IN,12.8,12.776,0.000,12.776,-0.024,0.0,0.0,0.0,0.0,0.0
Spasmodic.姜米條颶風元力上人.0,EZ,8.2,8.235,0.000,8.235,0.035,0.0,0.0,0.0,0.0,0.0
Spasmodic.姜米條颶風元力上人.0,HD,13.3,13.283,0.000,13.283,-0.017,0.0,0.0,0.0,0.0,0.0
Spasmodic.姜米條颶風元力上人.0,IN,15.5,15.387,0.121,15.509,0.009,0.0,0.0,0.5496,0.1251,0.0
Spasmodic.姜米條颶風元力上人.0,AT,16.7,16.295,0.402,16.698,-0.002,0.4191,0.0,1.1979,0.3895,0.0818
SpeedUp.DarTokki.0,EZ,4.5,4.510,0.000,4.510,0.010,0.0,0.0,0.0,0.0,0.0
SpeedUp.DarTokki.0,HD,10.3,10.292,0.000,10.292,-0.008,0.0,0.0,0.0,0.0,0.0
SpeedUp.DarTokki.0,IN,14.0,14.004,0.000,14.004,0.004,0.0,0.0,0.0,0.0,0.0
Spotlight.Ardolf.0,EZ,4.5,4.496,0.000,4.496,-0.004,0.0,0.0,0.0,0.0,0.0
Spotlight.Ardolf.0,HD,9.9,9.912,0.000,9.912,0.012,0.0,0.0,0.0,0.0,0.0
Spotlight.Ardolf.0,IN,14.4,14.422,0.000,14.422,0.022,0.0,0.0,0.0,0.0,0.0
Starduster.Quree.0,EZ,5.5,5.505,0.000,5.505,0.005,0.0,0.0,0.0,0.0,0.0
Starduster.Quree.0,HD,11.4,11.405,0.000,11.405,0.005,0.0,0.0,0.0,0.0,0.0
Starduster.Quree.0,IN,15.2,15.109,0.085,15.194,-0.006,0.0,0.0,0.0,0.0,0.2825
StardustRAY.kanonevsBlackY.0,EZ,6.0,6.034,0.000,6.034,0.034,0.0,0.0,0.0,0.0,0.0
StardustRAY.kanonevsBlackY.0,HD,12.3,12.291,0.000,12.291,-0.009,0.0,0.0,0.0,0.0,0.0
StardustRAY.kanonevsBlackY.0,IN,16.5,16.299,0.195,16.494,-0.006,0.0,0.0,0.0,0.1012,0.5891
StardustRAY.kanonevsBlackY.0,AT,17.2,16.789,0.399,17.188,-0.012,0.5224,0.0,0.635,0.223,0.4337
Stasis.Maozon.0,EZ,5.0,5.004,0.000,5.004,0.004,0.0,0.0,0.0,0.0,0.0
Stasis.Maozon.0,HD,10.1,10.116,0.000,10.116,0.016,0.0,0.0,0.0,0.0,0.0
Stasis.Maozon.0,IN,15.3,15.073,0.231,15.304,0.004,0.0,0.0,0.0844,0.0534,0.6874
Stasis.Maozon.0,AT,16.7,16.213,0.486,16.700,-0.000,0.5256,0.0,0.3145,0.4748,0.7622
SultanRage.MonstDeath.0,EZ,4.0,3.992,0.000,3.992,-0.008,0.0,0.0,0.0,0.0,0.0
SultanRage.MonstDeath.0,HD,7.0,7.007,0.000,7.007,0.007,0.0,0.0,0.0,0.0,0.0
SultanRage.MonstDeath.0,IN,12.3,12.286,0.000,12.286,-0.014,0.0,0.0,0.0,0.0,0.0
SURREALISM.Itsuki.0,EZ,5.0,4.992,0.000,4.992,-0.008,0.0,0.0,0.0,0.0,0.0
SURREALISM.Itsuki.0,HD,9.4,9.382,0.000,9.382,-0.018,0.0,0.0,0.0,0.0,0.0
SURREALISM.Itsuki.0,IN,13.4,13.360,0.022,13.382,-0.018,0.0,0.0,0.0,0.0,0.0733
SwingSkipDrop.ミハイル.0,EZ,4.5,4.509,0.000,4.509,0.009,0.0,0.0,0.0,0.0,0.0
SwingSkipDrop.ミハイル.0,HD,9.1,9.088,0.000,9.088,-0.012,0.0,0.0,0.0,0.0,0.0
SwingSkipDrop.ミハイル.0,IN,15.5,15.460,0.047,15.506,0.006,0.0996,0.0,0.0042,0.1163,0.0099
TECHNOPOLIS2085.PRASTIKDANCEFLOOR.0,EZ,5.0,4.994,0.000,4.994,-0.006,0.0,0.0,0.0,0.0,0.0
TECHNOPOLIS2085.PRASTIKDANCEFLOOR.0,HD,10.2,10.212,0.000,10.212,0.012,0.0,0.0,0.0,0.0,0.0
TECHNOPOLIS2085.PRASTIKDANCEFLOOR.0,IN,14.1,14.110,0.000,14.110,0.010,0.0,0.0,0.0,0.0,0.0
TECHNOPOLIS2085.PRASTIKDANCEFLOOR.0,AT,15.9,15.495,0.388,15.883,-0.017,0.55,0.0,0.5629,0.0,0.552
TemporalShifting.LureRabbitVC.0,EZ,4.0,3.989,0.000,3.989,-0.011,0.0,0.0,0.0,0.0,0.0
TemporalShifting.LureRabbitVC.0,HD,11.5,11.485,0.000,11.485,-0.015,0.0,0.0,0.0,0.0,0.0
TemporalShifting.LureRabbitVC.0,IN,15.2,15.172,0.000,15.172,-0.028,0.0,0.0,0.0,0.0,0.0
TheChariotREVIIVAL.Attoclef.0,EZ,5.0,5.018,0.000,5.018,0.018,0.0,0.0,0.0,0.0,0.0
TheChariotREVIIVAL.Attoclef.0,HD,9.0,9.031,0.000,9.031,0.031,0.0,0.0,0.0,0.0,0.0
TheChariotREVIIVAL.Attoclef.0,IN,14.0,13.931,0.086,14.017,0.017,0.0,0.0,0.0,0.0,0.2855
TheMountainEater.PaulBazooka.0,EZ,5.5,5.488,0.000,5.488,-0.012,0.0,0.0,0.0,0.0,0.0
TheMountainEater.PaulBazooka.0,HD,9.6,9.595,0.000,9.595,-0.005,0.0,0.0,0.0,0.0,0.0
TheMountainEater.PaulBazooka.0,IN,14.8,14.771,0.018,14.789,-0.011,0.0,0.0,0.0,0.0,0.0591
TheWholeRest.KIVΛ.0,EZ,5.0,4.984,0.000,4.984,-0.016,0.0,0.0,0.0,0.0,0.0
TheWholeRest.KIVΛ.0,HD,9.6,9.143,0.449,9.592,-0.008,0.0,0.0,0.0353,0.0,1.476
TheWholeRest.KIVΛ.0,IN,13.6,13.658,0.000,13.658,0.058,0.0,0.0,0.0,0.0,0.0
Thrashforce.KAHvsE0ri4.0,EZ,4.5,4.508,0.000,4.508,0.008,0.0,0.0,0.0,0.0,0.0
Thrashforce.KAHvsE0ri4.0,HD,10.7,10.699,0.000,10.699,-0.001,0.0,0.0,0.0,0.0,0.0
Thrashforce.KAHvsE0ri4.0,IN,15.3,15.262,0.025,15.287,-0.013,0.0,0.0,0.0,0.0,0.0836
TimetoNightSkyfeatLeeYuJin.HyuNKLYDIX.0,EZ,3.0,3.013,0.000,3.013,0.013,0.0,0.0,0.0,0.0,0.0
TimetoNightSkyfeatLeeYuJin.HyuNKLYDIX.0,HD,10.1,10.109,0.000,10.109,0.009,0.0,0.0,0.0,0.0,0.0
TimetoNightSkyfeatLeeYuJin.HyuNKLYDIX.0,IN,13.6,13.620,0.000,13.620,0.020,0.0,0.0,0.0,0.0,0.0
Trane.MALVA.0,EZ,1.5,1.497,0.000,1.497,-0.003,0.0,0.0,0.0,0.0,0.0
Trane.MALVA.0,HD,7.0,7.012,0.000,7.012,0.012,0.0,0.0,0.0,0.0,0.0
Trane.MALVA.0,IN,14.2,14.186,0.021,14.207,0.007,0.0,0.0,0.1171,0.0,0.0
TriumphRegret.typeMARS.0,EZ,5.0,5.008,0.000,5.008,0.008,0.0,0.0,0.0,0.0,0.0
TriumphRegret.typeMARS.0,HD,10.0,9.984,0.000,9.984,-0.016,0.0,0.0,0.0,0.0,0.0
TriumphRegret.typeMARS.0,IN,15.0,15.004,0.000,15.004,0.004,0.0,0.0,0.0,0.0,0.0
Trojan.litmus.0,EZ,5.5,5.499,0.000,5.499,-0.001,0.0,0.0,0.0,0.0,0.0
Trojan.litmus.0,HD,10.8,10.806,0.000,10.806,0.006,0.0,0.0,0.0,0.0,0.0
Trojan.litmus.0,IN,15.0,14.587,0.411,14.998,-0.002,0.5656,0.0,0.0,0.0401,0.93
UnorthodoxThoughts.Joulez.0,EZ,5.5,5.481,0.023,5.504,0.004,0.0,0.0,0.1265,0.0,0.0
UnorthodoxThoughts.Joulez.0,HD,12.0,11.978,0.000,11.978,-0.022,0.0,0.0,0.0,0.0,0.0
UnorthodoxThoughts.Joulez.0,IN,13.9,13.893,0.000,13.893,-0.007,0.0,0.0,0.0,0.0,0.0
Upshift.Iriss-Frantzz.0,EZ,6.0,6.022,0.000,6.022,0.022,0.0,0.0,0.0,0.0,0.0
Upshift.Iriss-Frantzz.0,HD,10.8,10.728,0.070,10.798,-0.002,0.0,0.0,0.0,0.0,0.2343
Upshift.Iriss-Frantzz.0,IN,15.5,15.491,0.000,15.491,-0.009,0.0,0.0,0.0,0.0,0.0
valorstarcross.LundyvsWyvren.0,EZ,6.5,6.496,0.001,6.497,-0.003,0.0,0.0,0.0,0.0,0.0025
valorstarcross.LundyvsWyvren.0,HD,12.7,12.704,0.007,12.711,0.011,0.0,0.0,0.0,0.0,0.0225
valorstarcross.LundyvsWyvren.0,IN,15.8,15.780,0.000,15.780,-0.020,0.0,0.0,0.0,0.0,0.0
Verruckt.Raimukun.0,EZ,7.0,6.984,0.000,6.984,-0.016,0.0,0.0,0.0,0.0,0.0
Verruckt.Raimukun.0,HD,12.6,12.593,0.000,12.593,-0.007,0.0,0.0,0.0,0.0,0.0
Verruckt.Raimukun.0,IN,16.5,16.407,0.091,16.498,-0.002,0.1706,0.0,0.0,0.268,0.0179
volcanic.DETROakaルゼ.0,EZ,7.5,7.502,0.000,7.502,0.002,0.0,0.0,0.0,0.0,0.0
volcanic.DETROakaルゼ.0,HD,12.1,12.114,0.000,12.114,0.014,0.0,0.0,0.0,0.0,0.0
volcanic.DETROakaルゼ.0,IN,14.7,14.666,0.036,14.701,0.001,0.0397,0.0,0.0198,0.0585,0.0428
volcanic.DETROakaルゼ.0,AT,16.6,15.676,0.927,16.603,0.003,1.5171,0.3103,1.0996,0.6879,0.8021
WATER.A39沙包P.0,EZ,4.5,4.513,0.000,4.513,0.013,0.0,0.0,0.0,0.0,0.0
WATER.A39沙包P.0,HD,9.4,9.415,0.000,9.415,0.015,0.0,0.0,0.0,0.0,0.0
WATER.A39沙包P.0,IN,13.6,13.592,0.000,13.592,-0.008,0.0,0.0,0.0,0.0,0.0
Wavetapper.Frums.0,EZ,6.0,6.020,0.000,6.020,0.020,0.0,0.0,0.0,0.0,0.0
Wavetapper.Frums.0,HD,9.4,9.393,0.000,9.393,-0.007,0.0,0.0,0.0,0.0,0.0
Wavetapper.Frums.0,IN,13.9,13.807,0.090,13.897,-0.003,0.0,0.0,0.0,0.0,0.3
Wintercube.CtymaxfeatNceS.0,EZ,3.5,3.507,0.000,3.507,0.007,0.0,0.0,0.0,0.0,0.0
Wintercube.CtymaxfeatNceS.0,HD,8.2,8.200,0.000,8.200,-0.000,0.0,0.0,0.0,0.0,0.0
Wintercube.CtymaxfeatNceS.0,IN,13.3,13.282,0.019,13.301,0.001,0.0,0.0,0.0,0.0,0.0617
WithYou.Cashew.0,EZ,3.5,3.514,0.000,3.514,0.014,0.0,0.0,0.0,0.0,0.0
WithYou.Cashew.0,HD,9.1,9.085,0.000,9.085,-0.015,0.0,0.0,0.0,0.0,0.0
WithYou.Cashew.0,IN,13.5,13.427,0.087,13.514,0.014,0.0,0.0,0.4815,0.0,0.0
Xenolith.Tatsh.0,EZ,4.0,4.002,0.002,4.004,0.004,0.0,0.0,0.0098,0.0,0.0
Xenolith.Tatsh.0,HD,8.5,8.522,0.000,8.522,0.022,0.0,0.0,0.0,0.0,0.0
Xenolith.Tatsh.0,IN,14.2,14.155,0.056,14.211,0.011,0.0,0.0,0.2313,0.0,0.0482
Xenophobia.XinG.0,EZ,6.5,6.497,0.000,6.497,-0.003,0.0,0.0,0.0,0.0,0.0
Xenophobia.XinG.0,HD,12.7,12.684,0.000,12.684,-0.016,0.0,0.0,0.0,0.0,0.0
Xenophobia.XinG.0,IN,14.9,14.752,0.172,14.923,0.023,0.0819,0.0,0.176,0.2406,0.2624
Xepion.Acotto.0,EZ,2.5,2.495,0.009,2.504,0.004,0.0,0.0,0.0,0.0,0.0298
Xepion.Acotto.0,HD,9.8,9.656,0.130,9.786,-0.014,0.0,0.0,0.0,0.0,0.4328
Xepion.Acotto.0,IN,14.8,14.796,0.000,14.796,-0.004,0.0,0.0,0.0,0.0,0.0
XING.ginkiha.0,EZ,5.5,5.491,0.000,5.491,-0.009,0.0,0.0,0.0,0.0,0.0
XING.ginkiha.0,HD,9.9,9.904,0.000,9.904,0.004,0.0,0.0,0.0,0.0,0.0
XING.ginkiha.0,IN,13.9,13.595,0.312,13.907,0.007,0.0,0.0,0.0,0.0,1.0392
YouaretheMiserable.tpazolite.0,EZ,6.0,5.992,0.000,5.992,-0.008,0.0,0.0,0.0,0.0,0.0
YouaretheMiserable.tpazolite.0,HD,11.7,11.662,0.024,11.685,-0.015,0.0,0.0,0.1241,0.0067,0.0
YouaretheMiserable.tpazolite.0,IN,14.1,13.037,1.086,14.123,0.023,0.0,0.0,0.0,0.0,3.6195
YouaretheMiserable.tpazolite.0,AT,15.8,15.412,0.395,15.807,0.007,0.6305,0.5401,0.3182,0.0707,0.4411
いざ参ります.Uskefeat棗いつき.0,EZ,3.5,3.513,0.000,3.513,0.013,0.0,0.0,0.0,0.0,0.0
いざ参ります.Uskefeat棗いつき.0,HD,9.2,9.223,0.000,9.223,0.023,0.0,0.0,0.0,0.0,0.0
いざ参ります.Uskefeat棗いつき.0,IN,15.0,14.863,0.138,15.001,0.001,0.1518,0.0,0.1099,0.1771,0.1778
ぱぴぷぴぷぴぱ.ころねぽちWith立秋.0,EZ,5.0,5.001,0.000,5.001,0.001,0.0,0.0,0.0,0.0,0.0
ぱぴぷぴぷぴぱ.ころねぽちWith立秋.0,HD,12.3,12.287,0.021,12.308,0.008,0.0,0.0,0.0,0.0157,0.0595
ぱぴぷぴぷぴぱ.ころねぽちWith立秋.0,IN,15.9,15.770,0.125,15.895,-0.005,0.0565,0.0,0.1531,0.0,0.2833
もぺもぺ.LeaF.0,EZ,2.0,2.018,0.000,2.018,0.018,0.0,0.0,0.0,0.0,0.0
もぺもぺ.LeaF.0,HD,6.5,6.497,0.000,6.497,-0.003,0.0,0.0,0.0,0.0,0.0
もぺもぺ.LeaF.0,IN,11.1,11.088,0.000,11.088,-0.012,0.0,0.0,0.0,0.0,0.0
もぺもぺ.LeaF.0,AT,15.4,15.393,0.003,15.396,-0.004,0.0,0.0,0.0172,0.0,0.0
アンビバレンス.すりぃ相沢.0,EZ,4.0,3.988,0.009,3.997,-0.003,0.0,0.0,0.0473,0.0,0.0
アンビバレンス.すりぃ相沢.0,HD,8.7,8.687,0.009,8.696,-0.004,0.0,0.0,0.0503,0.0,0.0
アンビバレンス.すりぃ相沢.0,IN,14.1,14.132,0.000,14.132,0.032,0.0,0.0,0.0,0.0,0.0
インフェルノシティ.Ponchifeatはぁち.0,EZ,4.5,4.501,0.000,4.501,0.001,0.0,0.0,0.0,0.0,0.0
インフェルノシティ.Ponchifeatはぁち.0,HD,11.5,11.480,0.000,11.480,-0.020,0.0,0.0,0.0,0.0,0.0
インフェルノシティ.Ponchifeatはぁち.0,IN,15.7,15.424,0.288,15.713,0.013,0.2892,0.0,0.0217,0.195,0.6192
インマイマインド.レシオP.0,EZ,1.5,1.502,0.008,1.510,0.010,0.0,0.0,0.0,0.0,0.0261
インマイマインド.レシオP.0,HD,9.2,9.169,0.000,9.169,-0.031,0.0,0.0,0.0,0.0,0.0
インマイマインド.レシオP.0,IN,12.2,12.171,0.029,12.199,-0.001,0.0,0.0,0.0,0.0,0.0966
ジングルベルJingleBell.A39沙包P.0,EZ,4.5,4.516,0.000,4.516,0.016,0.0,0.0,0.0,0.0,0.0
ジングルベルJingleBell.A39沙包P.0,HD,8.5,8.507,0.000,8.507,0.007,0.0,0.0,0.0,0.0,0.0
ジングルベルJingleBell.A39沙包P.0,IN,14.5,14.493,0.000,14.493,-0.007,0.0,0.0,0.0,0.0,0.0
ストレイソウルアラウンド.みーに.0,EZ,6.0,6.015,0.023,6.038,0.038,0.0,0.0,0.13,0.0,0.0
ストレイソウルアラウンド.みーに.0,HD,9.8,9.803,0.012,9.814,0.014,0.0,0.0,0.0647,0.0,0.0
ストレイソウルアラウンド.みーに.0,IN,14.3,14.318,0.000,14.318,0.018,0.0,0.0,0.0,0.0,0.0
ニライカナイNiraicA_naiMix.roopfromSTR.0,EZ,3.0,3.031,0.000,3.031,0.031,0.0,0.0,0.0,0.0,0.0
ニライカナイNiraicA_naiMix.roopfromSTR.0,HD,8.3,8.290,0.000,8.290,-0.010,0.0,0.0,0.0,0.0,0.0
ニライカナイNiraicA_naiMix.roopfromSTR.0,IN,13.5,13.513,0.000,13.513,0.013,0.0,0.0,0.0,0.0,0.0
万吨匿名信.闫东炜.0,EZ,4.5,4.506,0.000,4.506,0.006,0.0,0.0,0.0,0.0,0.0
万吨匿名信.闫东炜.0,HD,9.5,9.516,0.000,9.516,0.016,0.0,0.0,0.0,0.0,0.0
万吨匿名信.闫东炜.0,IN,13.3,13.296,0.000,13.296,-0.004,0.0,0.0,0.0,0.0,0.0
下一秒.BobHouSherlock卓智媛feat兰音Reine.0,EZ,4.0,4.008,0.000,4.008,0.008,0.0,0.0,0.0,0.0,0.0
下一秒.BobHouSherlock卓智媛feat兰音Reine.0,HD,8.5,8.492,0.000,8.492,-0.008,0.0,0.0,0.0,0.0,0.0
下一秒.BobHouSherlock卓智媛feat兰音Reine.0,IN,13.2,13.200,0.000,13.200,-0.000,0.0,0.0,0.0,0.0,0.0
云女孩.符白牙SiYFics.0,EZ,2.0,2.003,0.000,2.003,0.003,0.0,0.0,0.0,0.0,0.0
云女孩.符白牙SiYFics.0,HD,8.9,8.906,0.000,8.906,0.006,0.0,0.0,0.0,0.0,0.0
云女孩.符白牙SiYFics.0,IN,12.8,12.801,0.000,12.801,0.001,0.0,0.0,0.0,0.0,0.0
今天不是明天.PIKASONICfeat兰音Reine.0,EZ,2.5,2.492,0.000,2.492,-0.008,0.0,0.0,0.0,0.0,0.0
今天不是明天.PIKASONICfeat兰音Reine.0,HD,8.3,8.278,0.013,8.291,-0.009,0.0,0.0,0.0,0.0,0.0436
今天不是明天.PIKASONICfeat兰音Reine.0,IN,13.4,13.420,0.000,13.420,0.020,0.0,0.0,0.0,0.0,0.0
光.姜米條.0,EZ,2.0,2.008,0.000,2.008,0.008,0.0,0.0,0.0,0.0,0.0
光.姜米條.0,HD,7.5,7.485,0.000,7.485,-0.015,0.0,0.0,0.0,0.0,0.0
光.姜米條.0,IN,12.4,12.379,0.009,12.388,-0.012,0.0,0.0,0.0,0.0501,0.0
千紫万紅.r0yvsWABI.0,EZ,4.5,4.483,0.005,4.489,-0.011,0.0,0.0,0.0287,0.0,0.0
千紫万紅.r0yvsWABI.0,HD,12.1,12.082,0.000,12.082,-0.018,0.0,0.0,0.0,0.0,0.0
千紫万紅.r0yvsWABI.0,IN,15.5,15.281,0.229,15.510,0.010,0.0,0.0,0.0,0.0,0.7637
双重间谍DoubleAgent.WAVAV.0,EZ,4.5,4.555,0.000,4.555,0.055,0.0,0.0,0.0,0.0,0.0
双重间谍DoubleAgent.WAVAV.0,HD,11.8,11.820,0.000,11.820,0.020,0.0,0.0,0.0,0.0,0.0
双重间谍DoubleAgent.WAVAV.0,IN,15.7,15.543,0.158,15.700,0.000,0.0,0.0,0.0,0.1111,0.4594
君往何处QuoVadis.M2U.0,EZ,4.0,4.006,0.000,4.006,0.006,0.0,0.0,0.0,0.0,0.0
君往何处QuoVadis.M2U.0,HD,8.6,8.571,0.000,8.571,-0.029,0.0,0.0,0.0,0.0,0.0
君往何处QuoVadis.M2U.0,IN,14.1,14.118,0.000,14.118,0.018,0.0,0.0,0.0,0.0,0.0
大和撫子WildDances.adapatorvsDRIVE.0,EZ,5.5,5.464,0.000,5.464,-0.036,0.0,0.0,0.0,0.0,0.0
大和撫子WildDances.adapatorvsDRIVE.0,HD,11.8,11.766,0.000,11.766,-0.034,0.0,0.0,0.0,0.0,0.0
大和撫子WildDances.adapatorvsDRIVE.0,IN,15.1,15.050,0.045,15.094,-0.006,0.05,0.0,0.052,0.0584,0.0455
宇宙残骸少女CosmicDustyGirl.辻原一郎.0,EZ,6.0,5.985,0.000,5.985,-0.015,0.0,0.0,0.0,0.0,0.0
宇宙残骸少女CosmicDustyGirl.辻原一郎.0,HD,10.2,10.162,0.041,10.203,0.003,0.1868,0.0,0.0,0.0,0.0
宇宙残骸少女CosmicDustyGirl.辻原一郎.0,IN,13.7,13.665,0.021,13.686,-0.014,0.0,0.0,0.1149,0.0,0.0
尊師TheGuru.rider.0,EZ,6.0,6.026,0.000,6.026,0.026,0.0,0.0,0.0,0.0,0.0
尊師TheGuru.rider.0,HD,11.6,11.590,0.004,11.595,-0.005,0.02,0.0,0.0,0.0,0.0
尊師TheGuru.rider.0,IN,15.4,15.375,0.002,15.377,-0.023,0.0029,0.0,0.0,0.0,0.004
幻影鬼魅PLEASE.R300K.0,EZ,5.5,5.489,0.000,5.489,-0.011,0.0,0.0,0.0,0.0,0.0
幻影鬼魅PLEASE.R300K.0,HD,9.6,9.618,0.000,9.618,0.018,0.0,0.0,0.0,0.0,0.0
幻影鬼魅PLEASE.R300K.0,IN,15.2,15.140,0.060,15.200,-0.000,0.0226,0.0,0.0,0.0264,0.1663
幻影鬼魅PLEASE.R300K.0,AT,17.0,16.747,0.255,17.002,0.002,0.1232,0.0,0.6355,0.1711,0.2745
幽世桔梗.Capchiifeatまるもこ.0,EZ,4.5,4.494,0.000,4.494,-0.006,0.0,0.0,0.0,0.0,0.0
幽世桔梗.Capchiifeatまるもこ.0,HD,10.1,10.116,0.000,10.116,0.016,0.0,0.0,0.0,0.0,0.0
幽世桔梗.Capchiifeatまるもこ.0,IN,14.8,14.743,0.056,14.799,-0.001,0.0,0.0,0.2181,0.0,0.0548
开心病.闫东炜.0,EZ,7.0,7.025,0.000,7.025,0.025,0.0,0.0,0.0,0.0,0.0
开心病.闫东炜.0,HD,11.9,11.898,0.000,11.898,-0.002,0.0,0.0,0.0,0.0,0.0
开心病.闫东炜.0,IN,13.8,13.770,0.053,13.822,0.022,0.0322,0.0,0.0,0.0376,0.13
彩.MisoilePunch.0,EZ,6.0,6.006,0.005,6.010,0.010,0.0,0.0,0.0,0.0,0.0166
彩.MisoilePunch.0,HD,12.5,12.481,0.000,12.481,-0.019,0.0,0.0,0.0,0.0,0.0
彩.MisoilePunch.0,IN,16.4,16.271,0.121,16.391,-0.009,0.0,0.0,0.0,0.1487,0.3132
彼方へ名もなき海辺より.打打だいず&月乃.0,EZ,3.5,3.488,0.000,3.488,-0.012,0.0,0.0,0.0,0.0,0.0
彼方へ名もなき海辺より.打打だいず&月乃.0,HD,8.1,8.097,0.000,8.097,-0.003,0.0,0.0,0.0,0.0,0.0
彼方へ名もなき海辺より.打打だいず&月乃.0,IN,14.5,14.494,0.007,14.501,0.001,0.0,0.0,0.0,0.0,0.0231
心の記憶.A39沙包P.0,EZ,3.5,3.497,0.009,3.506,0.006,0.0,0.0,0.0,0.0,0.0299
心の記憶.A39沙包P.0,HD,9.1,8.927,0.174,9.101,0.001,0.0,0.0,0.0,0.0,0.5804
心の記憶.A39沙包P.0,IN,13.3,13.309,0.000,13.309,0.009,0.0,0.0,0.0,0.0,0.0
心之所向.姜米條.0,EZ,4.0,4.005,0.000,4.005,0.005,0.0,0.0,0.0,0.0,0.0
心之所向.姜米條.0,HD,8.2,8.196,0.000,8.196,-0.004,0.0,0.0,0.0,0.0,0.0
心之所向.姜米條.0,IN,13.8,13.793,0.000,13.793,-0.007,0.0,0.0,0.0,0.0,0.0
明鏡烈火.MUEvsRekuMochizuki.0,EZ,6.0,5.978,0.000,5.978,-0.022,0.0,0.0,0.0,0.0,0.0
明鏡烈火.MUEvsRekuMochizuki.0,HD,11.1,11.132,0.000,11.132,0.032,0.0,0.0,0.0,0.0,0.0
明鏡烈火.MUEvsRekuMochizuki.0,IN,15.9,15.893,0.000,15.893,-0.007,0.0,0.0,0.0,0.0,0.0
暗夜苏醒REANIMATE.Warak.0,EZ,5.0,5.007,0.000,5.007,0.007,0.0,0.0,0.0,0.0,0.0
暗夜苏醒REANIMATE.Warak.0,HD,12.8,12.793,0.002,12.795,-0.005,0.0,0.0,0.0,0.0,0.0077
暗夜苏醒REANIMATE.Warak.0,IN,15.3,15.305,0.000,15.305,0.005,0.0,0.0,0.0,0.0,0.0
最高傑作.PYKAMIA.0,EZ,4.5,4.494,0.000,4.494,-0.006,0.0,0.0,0.0,0.0,0.0
最高傑作.PYKAMIA.0,HD,9.3,9.272,0.010,9.282,-0.018,0.0,0.0,0.0,0.0,0.0319
最高傑作.PYKAMIA.0,IN,13.9,13.909,0.000,13.909,0.009,0.0,0.0,0.0,0.0,0.0
月下缭乱.月見静華vsLUNARiUM.0,EZ,4.5,4.511,0.000,4.511,0.011,0.0,0.0,0.0,0.0,0.0
月下缭乱.月見静華vsLUNARiUM.0,HD,9.4,9.417,0.000,9.417,0.017,0.0,0.0,0.0,0.0,0.0
月下缭乱.月見静華vsLUNARiUM.0,IN,14.9,14.797,0.090,14.887,-0.013,0.0,0.0,0.0,0.0,0.3
月詠に鳴る.Feryquitousfeat藍月なくる.0,EZ,6.0,5.996,0.000,5.996,-0.004,0.0,0.0,0.0,0.0,0.001
月詠に鳴る.Feryquitousfeat藍月なくる.0,HD,11.4,11.393,0.000,11.393,-0.007,0.0,0.0,0.0,0.0,0.0
月詠に鳴る.Feryquitousfeat藍月なくる.0,IN,14.5,14.415,0.078,14.493,-0.007,0.0,0.0,0.0,0.0,0.2596
月詠に鳴る.Feryquitousfeat藍月なくる.0,AT,15.7,15.490,0.223,15.713,0.013,0.3768,0.0,0.3446,0.0,0.2602
望影の方舟Six.SeURa.0,EZ,6.5,6.482,0.000,6.482,-0.018,0.0,0.0,0.0,0.0,0.0
望影の方舟Six.SeURa.0,HD,11.9,11.884,0.000,11.884,-0.016,0.0,0.0,0.0,0.0,0.0
望影の方舟Six.SeURa.0,IN,15.9,15.774,0.136,15.910,0.010,0.0,0.0,0.0,0.0349,0.4328
桜樹街道.kozatosnow.0,EZ,3.5,3.506,0.000,3.506,0.006,0.0,0.0,0.0,0.0,0.0
桜樹街道.kozatosnow.0,HD,8.1,8.095,0.000,8.095,-0.005,0.0,0.0,0.0,0.0,0.0
桜樹街道.kozatosnow.0,IN,13.0,12.994,0.000,12.994,-0.006,0.0,0.0,0.0,0.0,0.0
混乱Confusion.OnlyMyBlackScore.0,EZ,4.0,3.992,0.000,3.992,-0.008,0.0,0.0,0.0,0.0,0.0
混乱Confusion.OnlyMyBlackScore.0,HD,10.0,9.987,0.000,9.987,-0.013,0.0,0.0,0.0,0.0,0.0
混乱Confusion.OnlyMyBlackScore.0,IN,14.8,14.802,0.000,14.802,0.002,0.0,0.0,0.0,0.0,0.0
游园地.椒盐菠萝.0,EZ,2.5,2.499,0.000,2.499,-0.001,0.0,0.0,0.0,0.0,0.0
游园地.椒盐菠萝.0,HD,7.5,7.444,0.045,7.489,-0.011,0.0,0.0,0.2511,0.0,0.0
游园地.椒盐菠萝.0,IN,13.2,13.189,0.000,13.189,-0.011,0.0,0.0,0.0,0.0,0.0
狂喜蘭舞.LeaF.0,EZ,7.0,6.987,0.000,6.987,-0.013,0.0,0.0,0.0,0.0,0.0
狂喜蘭舞.LeaF.0,HD,11.7,11.702,0.000,11.702,0.002,0.0,0.0,0.0,0.0,0.0
狂喜蘭舞.LeaF.0,IN,14.3,14.292,0.000,14.292,-0.008,0.0,0.0,0.0,0.0,0.0
狂喜蘭舞.LeaF.0,AT,16.4,16.191,0.209,16.400,-0.000,0.6103,0.0,0.1564,0.106,0.0917
玩具狂奏曲終焉.きくお.0,EZ,8.4,8.401,0.000,8.401,0.001,0.0,0.0,0.0,0.0,0.0
玩具狂奏曲終焉.きくお.0,HD,13.1,13.084,0.000,13.084,-0.016,0.0,0.0,0.0,0.0,0.0
玩具狂奏曲終焉.きくお.0,IN,15.8,15.220,0.582,15.802,0.002,0.0,0.0,0.0,0.1452,1.8524
玩具狂奏曲終焉.きくお.0,AT,17.0,16.472,0.531,17.003,0.003,0.6398,0.3961,0.4874,0.1167,0.8063
瓷岁.茶鸣拾贰律.0,EZ,2.0,1.997,0.000,1.997,-0.003,0.0,0.0,0.0,0.0,0.0
瓷岁.茶鸣拾贰律.0,HD,6.5,6.489,0.000,6.489,-0.011,0.0,0.0,0.0,0.0,0.0
瓷岁.茶鸣拾贰律.0,IN,7.0,6.443,0.559,7.002,0.002,0.0,0.0,0.0,0.0,1.8642
白と黒のバケモノ.テヅカ.0,EZ,4.0,3.995,0.011,4.005,0.005,0.0,0.0,0.0343,0.0,0.0145
白と黒のバケモノ.テヅカ.0,HD,11.4,11.390,0.019,11.409,0.009,0.0,0.0,0.0,0.0,0.0623
白と黒のバケモノ.テヅカ.0,IN,15.9,15.859,0.043,15.902,0.002,0.0,0.0,0.0,0.0,0.1434
百鬼夜行.SaladSavior.0,EZ,4.5,4.504,0.000,4.504,0.004,0.0,0.0,0.0,0.0,0.0
百鬼夜行.SaladSavior.0,HD,10.1,10.110,0.000,10.110,0.010,0.0,0.0,0.0,0.0,0.0
百鬼夜行.SaladSavior.0,IN,15.8,15.798,0.000,15.798,-0.002,0.0,0.0,0.0,0.0,0.0
盏茗.茶鸣拾贰律.0,EZ,1.5,1.489,0.019,1.508,0.008,0.0,0.0,0.1074,0.0,0.0
盏茗.茶鸣拾贰律.0,HD,4.5,4.459,0.019,4.478,-0.022,0.0,0.0,0.1074,0.0,0.0
盏茗.茶鸣拾贰律.0,IN,13.4,13.430,0.000,13.430,0.030,0.0,0.0,0.0,0.0,0.0
祈-我ら神祖と共に歩む者なり-.光吉猛修VS穴山大輔VSKaiVS水野健治VS大国奏音.0,EZ,7.0,6.682,0.324,7.006,0.006,0.0,0.0,0.0599,0.0,1.0452
祈-我ら神祖と共に歩む者なり-.光吉猛修VS穴山大輔VSKaiVS水野健治VS大国奏音.0,HD,13.2,12.690,0.520,13.210,0.010,0.55,0.0,0.0,0.0,1.3306
祈-我ら神祖と共に歩む者なり-.光吉猛修VS穴山大輔VSKaiVS水野健治VS大国奏音.0,IN,16.4,15.828,0.576,16.404,0.004,0.2439,0.0,0.2624,0.6184,1.2131
祈-我ら神祖と共に歩む者なり-.光吉猛修VS穴山大輔VSKaiVS水野健治VS大国奏音.0,AT,17.3,16.222,1.077,17.299,-0.001,0.8885,0.0,0.9435,0.5414,2.0476
神話.PicaM2U.0,EZ,4.0,4.002,0.000,4.002,0.002,0.0,0.0,0.0,0.0,0.0
神話.PicaM2U.0,HD,8.7,8.707,0.000,8.707,0.007,0.0,0.0,0.0,0.0,0.0
神話.PicaM2U.0,IN,13.5,13.484,0.017,13.500,0.000,0.0,0.0,0.0,0.0,0.0553
聖夜讃歌.A39沙包P.0,EZ,4.5,4.506,0.000,4.506,0.006,0.0,0.0,0.0,0.0,0.0
聖夜讃歌.A39沙包P.0,HD,10.1,10.141,0.000,10.141,0.041,0.0,0.0,0.0,0.0,0.0
聖夜讃歌.A39沙包P.0,IN,15.2,15.052,0.142,15.193,-0.007,0.053,0.0,0.0537,0.067,0.3615
華灯爱.闫东炜.0,EZ,6.0,6.002,0.008,6.009,0.009,0.0,0.0,0.0,0.0,0.0265
華灯爱.闫东炜.0,HD,10.6,10.583,0.008,10.590,-0.010,0.0,0.0,0.0,0.0,0.0257
華灯爱.闫东炜.0,IN,13.7,13.698,0.000,13.698,-0.002,0.0,0.0,0.0,0.0,0.0
萤火虫の怨.闫东炜.0,EZ,4.0,3.992,0.000,3.992,-0.008,0.0,0.0,0.0,0.0,0.0
萤火虫の怨.闫东炜.0,HD,9.8,9.797,0.000,9.797,-0.003,0.0,0.0,0.0,0.0,0.0
萤火虫の怨.闫东炜.0,IN,13.0,12.979,0.013,12.992,-0.008,0.0,0.0,0.0743,0.0,0.0
蝎虎天体Lacertid.CreamvsDaily天利.0,EZ,4.5,4.476,0.000,4.476,-0.024,0.0,0.0,0.0,0.0,0.0
蝎虎天体Lacertid.CreamvsDaily天利.0,HD,10.8,10.798,0.000,10.798,-0.002,0.0,0.0,0.0,0.0,0.0
蝎虎天体Lacertid.CreamvsDaily天利.0,IN,15.5,15.484,0.003,15.487,-0.013,0.0,0.0,0.0144,0.0,0.0
贝多芬祝福BeethovenBlessing.Nauts.0,EZ,4.5,4.496,0.000,4.496,-0.004,0.0,0.0,0.0,0.0,0.0
贝多芬祝福BeethovenBlessing.Nauts.0,HD,10.3,10.282,0.000,10.282,-0.018,0.0,0.0,0.0,0.0,0.0
贝多芬祝福BeethovenBlessing.Nauts.0,IN,15.0,14.991,0.000,14.991,-0.009,0.0,0.0,0.0,0.0,0.0
重生.姜米條.0,EZ,4.5,4.510,0.000,4.510,0.010,0.0,0.0,0.0,0.0,0.0
重生.姜米條.0,HD,8.8,8.783,0.015,8.798,-0.002,0.0,0.0,0.0,0.0838,0.0
重生.姜米條.0,IN,14.3,14.305,0.000,14.305,0.005,0.0,0.0,0.0,0.0,0.0
雪降りメリクリ.A39.0,EZ,4.5,4.449,0.049,4.498,-0.002,0.0,0.0,0.0,0.0,0.163
雪降りメリクリ.A39.0,HD,10.8,10.731,0.056,10.787,-0.013,0.0,0.0,0.0,0.0,0.1851
雪降りメリクリ.A39.0,IN,15.4,15.373,0.000,15.373,-0.027,0.0,0.0,0.0,0.0,0.0
雪降り雪が降っている.AiSSw夜輪ft結月ゆかり.0,EZ,1.5,1.485,0.010,1.495,-0.005,0.0,0.0,0.0568,0.0,0.0
雪降り雪が降っている.AiSSw夜輪ft結月ゆかり.0,HD,7.5,7.457,0.000,7.457,-0.043,0.0,0.0,0.0,0.0,0.0
雪降り雪が降っている.AiSSw夜輪ft結月ゆかり.0,IN,12.0,11.923,0.078,12.001,0.001,0.0,0.0,0.0,0.0,0.2611
雪降り雪が降っている.AiSSw夜輪ft結月ゆかり.0,AT,14.0,13.853,0.144,13.997,-0.003,0.5931,0.1368,0.0,0.0,0.0
零號車輛.seatrus.0,EZ,7.5,7.520,0.000,7.520,0.020,0.0,0.0,0.0,0.0,0.0
零號車輛.seatrus.0,HD,12.1,12.085,0.000,12.085,-0.015,0.0,0.0,0.0,0.0,0.0
零號車輛.seatrus.0,IN,16.2,16.196,0.007,16.203,0.003,0.0,0.0,0.0,0.005,0.0193
青丘.BLACK0.0,EZ,5.5,5.488,0.009,5.497,-0.003,0.0,0.0,0.0,0.0,0.0302
青丘.BLACK0.0,HD,10.5,10.478,0.000,10.478,-0.022,0.0,0.0,0.0,0.0,0.0
青丘.BLACK0.0,IN,15.5,15.428,0.063,15.491,-0.009,0.0,0.0,0.0938,0.0357,0.1336
青芽.茶鸣拾贰律.0,EZ,5.0,4.858,0.140,4.998,-0.002,0.0,0.0,0.0,0.0,0.4671
青芽.茶鸣拾贰律.0,HD,10.4,10.393,0.000,10.393,-0.007,0.0,0.0,0.0,0.0,0.0
青芽.茶鸣拾贰律.0,IN,15.2,15.102,0.106,15.208,0.008,0.0,0.0,0.2852,0.0,0.1834
风屿.闫东炜.0,EZ,5.5,5.500,0.000,5.500,-0.000,0.0,0.0,0.0,0.0,0.0
风屿.闫东炜.0,HD,9.8,9.802,0.000,9.802,0.002,0.0,0.0,0.0,0.0,0.0
风屿.闫东炜.0,IN,14.0,14.007,0.000,14.007,0.007,0.0,0.0,0.0,0.0,0.0
风屿.闫东炜.0,AT,15.1,15.095,0.004,15.099,-0.001,0.01,0.0,0.0,0.0117,0.0
黄金之城GOLDTOWN.Memme.0,EZ,2.0,2.009,0.000,2.009,0.009,0.0,0.0,0.0,0.0,0.0
黄金之城GOLDTOWN.Memme.0,HD,10.2,10.191,0.000,10.191,-0.009,0.0,0.0,0.0,0.0,0.0
黄金之城GOLDTOWN.Memme.0,IN,14.7,14.624,0.080,14.705,0.005,0.0,0.0,0.2869,0.0,0.096
DA'AT(自制),AT,18.2,16.930,1.273,18.204,0.004,1.7883,0.8123,1.351,1.1228,1.1775
LAMIA(自制),AT,18.3,16.858,1.440,18.298,-0.002,1.4514,0.4908,2.034,0.8555,1.8388
HeAskedIfIExercise(自制),AT,18.5,17.461,1.032,18.493,-0.007,1.6032,0.7008,1.3981,0.9541,0.6199
WakingShadows(自制),AT,17.8,16.155,1.642,17.797,-0.003,1.5865,0.3452,1.7434,1.4136,2.2995
哀狱炼歌(自制),AT,18.6,17.098,1.499,18.597,-0.003,1.9151,0.8899,1.2121,1.6136,1.5996
Aether Crest(自制),SP,15.7,15.423,0.286,15.710,0.010,0.0,0.0,0.0,0.3464,0.7471
Chart_SP(自制),SP,16.4,15.430,1.017,16.447,-0.003,1.4535,0.4719,1.7395,0.3806,0.8957
Chart_SP #13(自制),SP,16.9,14.765,2.135,16.901,0.001,1.8155,0.723,1.8869,0.9513,3.8423
Regrets(自制),SP,17.2,14.413,2.791,17.204,0.004,2.5816,0.5682,2.1584,1.3531,5.1137
105秒伝說(自制),SP,16.1,16.009,0.082,16.091,-0.009,0.0,0.0,0.2031,0.0803,0.1042
